Date,Open,High,Low,Close
2009-09-16,29.03999,29.32001,28.65999,28.85999
2009-09-17,28.85999,30.13,28.73999,29.59999
2009-09-18,29.59999,30.48,29.5,30.23999
2009-09-21,30.23999,32.16,29.89,29.92
2009-09-22,29.92,29.92999,28.95999,29.09
2009-09-23,29.09,29.63,28.28999,29.37999
2009-09-24,29.37999,31.81,29.25999,31.37
2009-09-25,31.37,33.75999,30.92999,31.00999
2009-09-28,31.00999,31.96001,30.67999,30.89
2009-09-29,30.89,31.61,30.60999,31.43999
2009-09-30,31.43999,32.97,31.04999,32.78999
2009-10-01,33.06,35.48,33.06,35.17999
2009-10-02,35.17999,36.71001,34.57999,34.81
2009-10-05,34.81,35.84,32.98,33.29999
2009-10-06,33.16,33.16,31.43999,31.78999
2009-10-07,31.78999,32.2,31.14999,31.17
2009-10-08,31.17,31.17,29.98999,30.51999
2009-10-09,30.51999,30.77,29.17,29.34
2009-10-12,29.34,30.07001,28.73,29.67
2009-10-13,29.67,30.78999,28.62,28.62
2009-10-14,28.42,28.42,27.64999,28.42
2009-10-15,28.42,29.00999,27.28999,27.28999
2009-10-16,27.28999,28.56,26.53999,26.89999
2009-10-19,26.89999,28.34,26.84,27.37999
2009-10-20,27.37999,28.25999,26.90999,26.98
2009-10-21,26.98,30.87,26.23,29.31999
2009-10-22,29.31999,29.62,27.17999,27.57999
2009-10-23,27.57999,29.56,27.20999,29.06
2009-10-26,29.20999,31.87,29.20999,31.06
2009-10-27,31.06,33.36,30.95999,31.67999
2009-10-28,31.67999,35.56,31.67999,35.54999
2009-10-29,34.50999,34.50999,32.03999,32.56
2009-10-30,32.56,38.27,32.56,36.73999
2009-11-02,36.73999,38.91,35.21999,37.34999
2009-11-03,37.34999,38.17999,35.53999,35.60999
2009-11-04,35.60999,36.14,33.95999,35.67
2009-11-05,35.35001,35.35001,33.31,33.45
2009-11-06,33.45,34.35001,32.14,32.17999
2009-11-09,32.17999,32.31,31.12999,31.15999
2009-11-10,31.15999,31.86,30.78,30.95
2009-11-11,30.95,31.63,30.31999,30.60999
2009-11-12,30.60999,32.62,30.26999,32.23999
2009-11-13,32.23999,33.99001,30.64,30.64
2009-11-16,30.64,31.38,30.17,30.53999
2009-11-17,30.53999,30.88,29.5,29.73
2009-11-18,29.73,30.39,29.26999,29.42
2009-11-19,29.42,31.99001,29.42,30.84
2009-11-20,30.84,31.50999,30.01999,30.10999
2009-11-23,30.03999,30.03999,28.56,29.25
2009-11-24,29.25,30.25999,28.34,28.45
2009-11-25,28.45,28.72,27.90999,28.59999
2009-11-27,31.64,34.33,31.64,33.39999
2009-11-30,33.39999,34.99001,32.53,32.79999
2009-12-01,32.79999,32.8,30.21999,30.7
2009-12-02,30.64999,30.64999,29.17999,29.53
2009-12-03,29.53,31.37,28.87999,31.29999
2009-12-04,30.91,30.91,28.82999,29.81999
2009-12-07,30.09999,31.02,30.09999,30.25999
2009-12-08,30.79999,32.23,30.79999,31.2
2009-12-09,31.2,32.05,30.17999,30.20999
2009-12-10,30.20999,30.32001,29.32999,30.0
2009-12-11,29.91,29.91,28.78,28.78
2009-12-14,28.78,29.48,27.89,27.90999
2009-12-15,27.90999,28.37,27.42999,27.64
2009-12-16,27.63,27.63,26.78999,27.01999
2009-12-17,27.31,28.31,27.31,27.51999
2009-12-18,27.51999,28.02,26.70999,27.09999
2009-12-21,27.09999,27.64,26.18999,26.25
2009-12-22,26.25,26.53,25.18999,25.23
2009-12-23,25.23,25.78999,24.45999,25.12999
2009-12-24,25.12999,25.17999,22.56,22.56
2009-12-28,25.96999,26.52,25.96999,26.18999
2009-12-29,26.18999,26.28,25.85999,26.17
2009-12-30,26.17,27.21001,23.87,26.59
2009-12-31,26.59,28.53,26.39,28.14999
2010-01-04,28.14999,28.42,26.42999,26.54999
2010-01-05,26.54999,28.14,26.15999,26.65999
2010-01-06,26.64,26.64,25.48,25.64
2010-01-07,25.64,26.52,24.76999,24.81999
2010-01-08,24.81999,25.14,23.42,23.54999
2010-01-11,22.85001,22.85001,21.65999,22.59999
2010-01-12,22.93999,23.91,22.93999,23.06
2010-01-13,23.06,23.61,21.81,22.23999
2010-01-14,22.23999,22.74001,21.12999,21.45
2010-01-15,21.45,23.14999,21.39999,22.20999
2010-01-19,22.20999,23.67999,22.06,22.25
2010-01-20,23.14,24.96001,23.14,23.46999
2010-01-21,23.46999,26.09,22.92,25.95
2010-01-22,25.95,31.28999,25.75,30.89
2010-01-25,30.89,31.12,28.76999,28.95999
2010-01-26,28.95999,29.89,26.28999,27.96999
2010-01-27,27.96999,28.75999,26.20999,26.39
2010-01-28,26.39,29.05,25.92,27.34
2010-01-29,27.34,28.47,25.42,28.03
2010-02-01,28.03,28.21001,26.68999,26.75999
2010-02-02,26.75999,27.00999,25.39999,25.51999
2010-02-03,25.51999,26.33,24.89999,25.37999
2010-02-04,26.67999,29.17,26.67999,29.03999
2010-02-05,29.03999,32.00999,28.64,29.50999
2010-02-08,29.50999,30.74001,29.25999,30.43999
2010-02-09,30.43999,30.56,28.78,29.62
2010-02-10,29.62,30.85001,28.60999,28.89
2010-02-11,28.89,29.73,26.48,26.59
2010-02-12,26.59,27.91,25.56,25.65999
2010-02-16,25.65999,26.56,25.17999,25.37
2010-02-17,25.37,25.37,23.84999,23.95999
2010-02-18,23.95999,24.53,23.28999,23.54999
2010-02-19,23.54999,24.22,22.78,23.59999
2010-02-22,23.59999,24.28,23.18999,23.53999
2010-02-23,23.76999,25.81,23.76999,24.84999
2010-02-24,24.84999,25.19,23.82999,24.28999
2010-02-25,24.28999,26.41,23.56,23.57999
2010-02-26,23.57999,24.21001,22.60999,22.60999
2010-03-01,22.60999,22.83,21.89999,22.09
2010-03-02,22.09,22.53,21.48,22.42999
2010-03-03,22.42999,22.98,22.07999,22.35999
2010-03-04,22.35999,22.87,21.64999,21.64999
2010-03-05,21.32001,21.32001,20.31,20.42999
2010-03-08,21.09,21.66,21.09,21.23
2010-03-09,21.28,22.12,21.28,21.79999
2010-03-10,21.79999,23.0,21.31999,22.31
2010-03-11,22.31,23.34,22.06,22.17999
2010-03-12,22.17999,23.25999,21.60999,21.64999
2010-03-15,22.29999,23.47,22.29999,22.32999
2010-03-16,22.32999,22.78999,21.48,21.60999
2010-03-17,21.60999,21.64,21.09,21.48
2010-03-18,21.48,21.92999,21.28,21.70999
2010-03-19,21.70999,23.16,21.34999,22.5
2010-03-22,22.5,24.34,21.85999,22.0
2010-03-23,22.0,22.17,20.96999,21.34
2010-03-24,21.78,22.57001,21.78,22.28
2010-03-25,22.28,23.94,21.39999,23.81
2010-03-26,23.81,24.10001,22.92999,23.42999
2010-03-29,23.42999,24.14999,22.73,22.73999
2010-03-30,22.73999,23.16,22.09999,22.17
2010-03-31,22.17,22.96001,21.98999,22.75999
2010-04-01,22.75999,23.19,21.89999,22.95
2010-04-05,22.95,23.53999,21.48999,21.5
2010-04-06,21.5,21.92,20.39,21.28
2010-04-07,21.28,22.05,20.73,21.57999
2010-04-08,21.57999,22.75999,21.31,21.68999
2010-04-09,21.68999,22.08,21.06,21.17999
2010-04-12,21.11,21.11,20.17999,20.89
2010-04-13,20.89,21.75,20.54999,20.7
2010-04-14,20.55,20.55,19.89999,20.14
2010-04-15,20.17999,21.31,20.17999,20.54999
2010-04-16,20.54999,23.38,20.37,21.96999
2010-04-19,22.56,24.84,22.56,22.56
2010-04-20,22.34,22.34,20.48999,20.5
2010-04-21,20.5,21.25999,20.28,20.65999
2010-04-22,20.87,22.55,20.87,21.62999
2010-04-23,21.62999,21.77,20.89999,21.06
2010-04-26,21.59,22.94,21.59,22.73
2010-04-27,22.90999,26.48,22.90999,26.42999
2010-04-28,26.42999,27.03,25.28999,25.93999
2010-04-29,25.49001,25.49001,23.45,23.92999
2010-04-30,23.93999,28.91,23.93999,28.34
2010-05-03,28.34,28.7,27.01999,27.12
2010-05-04,29.32999,32.86,29.32999,31.59999
2010-05-05,31.59999,35.25,30.26999,32.51999
2010-05-06,32.51999,45.33,30.92,36.37
2010-05-07,36.37,46.67,35.98,45.82999
2010-05-10,36.82001,36.82001,34.92,35.64
2010-05-11,35.64,37.92999,33.18999,35.2
2010-05-12,33.89,33.89,31.18999,32.17
2010-05-13,32.17,34.08,31.14999,33.64
2010-05-14,35.28,39.75999,35.28,36.73999
2010-05-17,36.73999,42.98,36.06999,37.62
2010-05-18,37.62,43.16,35.23,41.76999
2010-05-19,41.94,47.87999,41.94,43.7
2010-05-20,48.56,55.15999,48.56,53.87999
2010-05-21,53.87999,55.85001,46.34,49.06
2010-05-24,49.06,50.03999,43.37,46.45999
2010-05-25,46.45999,53.61,42.85999,43.42
2010-05-26,43.42,43.57001,36.29999,43.21999
2010-05-27,38.81,38.81,36.53999,36.7
2010-05-28,36.7,40.35001,36.34999,38.48999
2010-06-01,39.78999,44.55,39.78999,44.54999
2010-06-02,44.33,44.33,39.46999,39.62
2010-06-03,39.50999,39.50999,37.8,38.12
2010-06-04,40.85001,45.39,40.85001,43.67
2010-06-07,44.13,47.46001,44.13,47.42
2010-06-08,47.42,48.21001,43.94,44.14999
2010-06-09,43.73,43.73,39.98,43.31
2010-06-10,41.86,41.86,39.14999,39.49001
2010-06-11,39.49001,40.91,36.82001,37.14999
2010-06-14,37.07001,37.07001,35.48,36.7
2010-06-15,36.06,36.06,33.82001,34.50999
2010-06-16,34.50999,35.59,33.55,33.94
2010-06-17,33.94,35.67,33.53999,33.59
2010-06-18,33.58,33.58,31.75999,32.24001
2010-06-21,32.24001,34.45,31.03,33.2
2010-06-22,33.2,35.41,31.96001,35.11
2010-06-23,35.11,36.83,33.72,34.59
2010-06-24,34.94,37.28,34.94,36.62
2010-06-25,36.62,37.3,34.63,34.8
2010-06-28,35.08,37.0,35.08,36.09
2010-06-29,38.46001,41.87,38.46001,41.28
2010-06-30,41.17999,41.17999,38.06,40.47
2010-07-01,40.47,43.46001,39.49001,39.61
2010-07-02,39.61,39.62,37.14999,37.53999
2010-07-06,37.53999,40.41,35.91,39.25999
2010-07-07,39.17,39.17,36.78,36.78
2010-07-08,36.78,37.25,35.03,35.03
2010-07-09,35.03,35.25999,33.71001,33.89999
2010-07-12,33.89999,36.87,33.89,35.42
2010-07-13,35.3,35.3,33.48,34.44
2010-07-14,34.53999,36.31,34.53999,35.36
2010-07-15,35.48,39.12,35.48,36.0
2010-07-16,36.78999,39.11,36.78999,36.91
2010-07-19,36.91,37.85001,35.78999,36.0
2010-07-20,36.0,38.02,33.35001,33.35001
2010-07-21,33.35001,35.75999,32.78999,34.59
2010-07-22,34.02,34.02,32.41,33.71001
2010-07-23,33.71001,34.64,31.74001,31.81
2010-07-26,31.81,32.87,31.24001,32.10001
2010-07-27,32.10001,32.89,31.10001,32.13
2010-07-28,32.44,33.92,32.44,33.24001
2010-07-29,33.24001,35.08,32.08,33.14
2010-07-30,33.14,35.10001,32.17999,32.28
2010-08-02,32.21001,32.21001,31.03,31.2
2010-08-03,31.2,32.39,30.32001,31.66
2010-08-04,31.66,32.27,30.92,30.94
2010-08-05,31.3,32.32001,31.3,31.73
2010-08-06,31.73,33.74001,30.61,30.67
2010-08-09,30.67,31.88,30.46001,30.57001
2010-08-10,30.87,33.39999,30.87,31.78
2010-08-11,34.23,35.31,34.23,34.42
2010-08-12,34.52,36.22,34.52,35.39
2010-08-13,35.39,36.14,34.86,35.60001
2010-08-16,35.60001,37.2,34.45,34.77
2010-08-17,33.98,33.98,32.17999,32.96001
2010-08-18,32.96001,34.74001,32.21001,33.59
2010-08-19,33.59,35.87,33.39,35.44
2010-08-20,35.44,36.57001,34.61,34.63
2010-08-23,34.63,35.48,33.99001,35.23
2010-08-24,35.78999,38.71001,35.78999,36.56
2010-08-25,36.56,37.81,35.07001,35.35001
2010-08-26,35.35001,36.17999,34.5,35.88
2010-08-27,35.88,36.73,32.87,32.88
2010-08-30,34.35001,35.78999,34.35001,35.78999
2010-08-31,35.78999,36.39,34.72,35.47
2010-09-01,35.47,35.7,32.84,32.89999
2010-09-02,32.89999,33.45,31.58,31.58
2010-09-03,31.45,31.45,28.83,29.0
2010-09-07,31.19,32.2,31.19,31.97
2010-09-08,31.97,32.02,31.08,31.5
2010-09-09,31.5,32.17999,30.13,31.46001
2010-09-10,31.28,31.28,30.28,30.78
2010-09-13,30.53,30.53,29.00999,29.19
2010-09-14,29.19,30.32001,28.36,29.00999
2010-09-15,29.22,30.42999,29.22,29.31
2010-09-16,29.50999,30.75,29.50999,29.60001
2010-09-17,29.60001,30.96001,29.24001,30.59
2010-09-20,30.59,31.85001,29.58,29.88
2010-09-21,29.88,31.53,29.67,31.36
2010-09-22,31.36,32.83,30.71001,31.75
2010-09-23,31.75,33.42,31.46001,32.77
2010-09-24,32.77,32.85001,29.87,30.0
2010-09-27,30.88,31.78999,30.88,31.69
2010-09-28,31.69,33.41,31.03999,31.27
2010-09-29,31.27,32.0,30.88,31.47
2010-09-30,31.47,32.82001,30.74001,31.74001
2010-10-01,31.74001,31.98,30.38,30.45
2010-10-04,31.38,33.12,31.38,31.73
2010-10-05,31.73,31.83,30.28,30.78
2010-10-06,30.78,31.25999,30.45,30.57001
2010-10-07,30.57001,31.41,30.2,30.84
2010-10-08,30.78999,30.78999,28.57001,29.25
2010-10-11,28.53,28.53,27.45,28.05
2010-10-12,28.52,30.2,28.52,29.03999
2010-10-13,28.78999,28.78999,26.86,27.7
2010-10-14,27.7,29.36,27.62,27.98
2010-10-15,27.98,29.46001,27.5,28.57001
2010-10-18,28.57001,29.62,27.31,27.38
2010-10-19,27.52,29.84,27.52,29.2
2010-10-20,29.2,29.58,28.14,28.53
2010-10-21,28.53,29.91,27.42,27.89
2010-10-22,27.89,28.00999,26.69,26.7
2010-10-25,26.75,28.32001,26.75,28.12
2010-10-26,28.22,29.34,28.22,28.59
2010-10-27,28.59,30.55,28.55,28.67
2010-10-28,28.67,29.64,27.96001,29.36
2010-10-29,29.36,29.67,29.00999,29.21001
2010-11-01,29.21001,31.11,29.09,30.39
2010-11-02,30.28,30.28,29.28,29.97
2010-11-03,29.97,30.2,27.07001,27.42
2010-11-04,26.28999,26.28999,25.5,25.73
2010-11-05,25.64999,25.64999,24.45,24.50999
2010-11-08,24.95,25.67,24.95,25.03999
2010-11-09,25.03999,26.34,24.64,25.96001
2010-11-10,25.96001,26.64,25.46001,25.63
2010-11-11,25.63,26.99001,25.39,25.85001
2010-11-12,26.52,28.36,26.52,28.10001
2010-11-15,28.10001,28.32001,26.86,28.24001
2010-11-16,28.74001,30.34,28.74001,28.86
2010-11-17,28.75999,28.75999,27.67,28.27
2010-11-18,26.77,26.77,25.64,26.17
2010-11-19,26.17,27.0,24.87,25.21001
2010-11-22,25.21001,26.96001,25.00999,25.00999
2010-11-23,26.7,27.81,26.7,26.8
2010-11-24,26.0,26.0,25.10001,25.82001
2010-11-26,26.63,27.99001,26.63,27.99001
2010-11-29,28.08,30.58,28.08,28.27
2010-11-30,28.63,30.25999,28.63,30.10001
2010-12-01,27.66,27.66,26.89,27.58
2010-12-02,27.58,27.63,25.56,25.67
2010-12-03,25.67,25.96001,23.55,23.78999
2010-12-06,23.78999,24.66,23.19,23.39999
2010-12-07,23.39999,24.21001,22.48,24.14
2010-12-08,23.92,23.92,23.14,23.14
2010-12-09,23.14,23.32001,22.49001,22.58
2010-12-10,22.53999,22.53999,21.74001,22.50999
2010-12-13,21.75,21.75,20.72,21.49001
2010-12-14,21.49001,21.98,20.59,21.23
2010-12-15,21.23,22.31,21.16,21.72
2010-12-16,21.72,23.37,21.23,21.86
2010-12-17,21.86,21.87,19.55,20.31
2010-12-20,20.31,21.16,20.09,20.82001
2010-12-21,20.46001,20.46001,19.66,19.95
2010-12-22,19.95,20.59,19.82001,20.32001
2010-12-23,20.53,21.75,20.53,21.48
2010-12-27,22.75999,23.75,22.75999,23.0
2010-12-28,23.0,24.03,22.91,23.8
2010-12-29,23.8,23.84,22.98,23.14999
2010-12-30,23.14999,23.45,23.02,23.42
2010-12-31,23.7,24.56,23.7,24.33
2011-01-03,24.33,24.81,23.72,24.2
2011-01-04,24.2,26.41,23.94,25.06
2011-01-05,25.06,25.50999,23.95,24.23
2011-01-06,24.23,24.89999,23.99001,24.23
2011-01-07,24.23,25.57001,23.55,24.28999
2011-01-10,24.67999,26.24001,24.67999,25.14999
2011-01-11,24.75,24.75,23.73,23.75999
2011-01-12,23.59,23.59,22.88,22.98
2011-01-13,22.98,23.56,22.71001,22.74001
2011-01-14,22.74001,23.17,22.05,22.3
2011-01-18,22.3,23.86,22.14,22.16
2011-01-19,22.58,24.78999,22.58,24.61
2011-01-20,24.96001,26.13,24.96001,25.42999
2011-01-21,25.42999,25.45,24.0,25.39999
2011-01-24,25.39999,26.32001,24.58,24.94
2011-01-25,24.94,25.86,24.33,24.39999
2011-01-26,24.39999,24.39999,23.10001,23.28999
2011-01-27,23.28999,23.58,22.66,23.46001
2011-01-28,23.46001,27.13,23.25999,26.75
2011-01-31,26.75,27.64999,26.33,27.03999
2011-02-01,26.28999,26.28999,24.67999,25.59
2011-02-02,25.59,25.83,25.07001,25.12
2011-02-03,25.12,25.56,24.14,24.55
2011-02-04,24.46001,24.46001,23.28,23.78999
2011-02-07,23.78999,24.42999,23.24001,24.14
2011-02-08,24.14,24.44,23.13,23.27
2011-02-09,23.38,24.3,23.38,23.39999
2011-02-10,23.39999,24.78,23.16,23.5
2011-02-11,23.5,23.88,21.87,21.97
2011-02-14,21.97,22.42,21.7,22.07001
2011-02-15,22.07001,22.75,21.89999,22.64999
2011-02-16,22.62,22.62,21.89,22.24001
2011-02-17,22.24001,22.63,21.83,22.08
2011-02-18,22.08,22.82001,21.33,22.44
2011-02-22,25.07001,27.25999,25.07001,26.89999
2011-02-23,26.89999,29.84,26.89,28.39999
2011-02-24,28.39999,28.84,27.31,27.42
2011-02-25,26.58,26.58,24.58,24.91
2011-02-28,24.91,26.0,24.33,25.13
2011-03-01,25.13,28.0,24.85001,27.99001
2011-03-02,27.99001,28.7,27.2,28.11
2011-03-03,26.8,26.8,25.67999,25.69
2011-03-04,25.69,27.02,25.46001,25.62
2011-03-07,26.35001,29.11,26.35001,27.85001
2011-03-08,27.85001,28.45,26.59,27.55
2011-03-09,27.64999,28.69,27.64999,28.23
2011-03-10,29.42999,30.72,29.42999,29.78
2011-03-11,29.78,30.47,27.96001,28.23
2011-03-14,28.31,30.27,28.31,28.56
2011-03-15,29.60001,32.37,29.60001,30.92999
2011-03-16,30.92999,35.27,29.78,33.08
2011-03-17,31.50999,31.50999,30.61,30.67999
2011-03-18,29.32001,29.32001,27.85001,28.35001
2011-03-21,27.08,27.08,25.34,25.64999
2011-03-22,25.42,25.42,24.71001,24.96001
2011-03-23,24.96001,26.17,24.14999,24.52
2011-03-24,24.52,24.84,23.78,23.84
2011-03-25,23.84,24.03,22.56,23.91
2011-03-28,24.09,25.14,24.09,25.12
2011-03-29,25.12,25.75,23.99001,24.09
2011-03-30,23.95,23.95,22.69,22.69
2011-03-31,22.69,23.23,22.28999,22.45
2011-04-01,22.27,22.27,21.23,22.07001
2011-04-04,22.07001,22.85001,22.03,22.41
2011-04-05,22.41,22.94,21.98,22.59
2011-04-06,22.59,23.06,21.81,22.53999
2011-04-07,22.53999,22.97,22.06,22.63
2011-04-08,22.63,23.63,22.13,23.36
2011-04-11,23.34,23.34,22.11,23.05
2011-04-12,23.05,24.52,22.78999,23.03999
2011-04-13,23.03999,23.14999,21.88,22.03999
2011-04-14,22.03999,23.08,20.16,20.17999
2011-04-15,20.17999,20.59,19.19,20.03
2011-04-18,21.05,23.50999,21.05,21.11
2011-04-19,21.11,21.2,19.97,19.98
2011-04-20,19.94,19.94,18.71001,19.39999
2011-04-21,19.39999,19.95,18.72,18.97
2011-04-25,19.95,20.84,19.95,20.39
2011-04-26,20.39,20.71001,19.67999,20.69
2011-04-27,20.69,21.63,20.46001,20.78999
2011-04-28,20.78999,20.97,19.44,19.78999
2011-04-29,19.78999,20.73,19.56,20.5
2011-05-02,21.22,22.5,21.22,22.33
2011-05-03,22.35001,23.39999,22.35001,22.75
2011-05-04,22.75,23.7,22.45,22.95
2011-05-05,22.95,24.84,22.3,23.52
2011-05-06,23.52,23.89,21.19,23.17999
2011-05-09,23.17999,23.82001,21.75999,21.87
2011-05-10,21.7,21.7,20.91,21.12
2011-05-11,21.42,23.09,21.42,22.39999
2011-05-12,22.39999,23.72,21.91,21.94
2011-05-13,21.94,23.82001,21.92999,23.17
2011-05-16,23.17,24.19,22.45,24.11
2011-05-17,24.11,24.87,23.41,23.44
2011-05-18,23.44,23.53,21.63,21.67999
2011-05-19,21.67999,22.50999,21.3,21.45
2011-05-20,21.45,22.86,21.38,22.38
2011-05-23,23.22,25.41,23.22,23.64
2011-05-24,23.64,23.92999,22.98,23.69
2011-05-25,23.69,23.99001,22.37,22.59
2011-05-26,22.59,23.10001,21.08,21.28999
2011-05-27,21.28999,21.39,20.3,20.98
2011-05-31,21.06,22.41,21.06,21.22
2011-06-01,21.71001,23.98,21.71001,23.64
2011-06-02,23.64,24.39,23.17,23.57001
2011-06-03,23.57001,25.06,22.71001,22.94
2011-06-06,23.2,24.23,23.2,23.67
2011-06-07,23.67,23.94,23.14999,23.53
2011-06-08,23.53,24.45,23.5,23.98
2011-06-09,23.98,24.33,22.71001,23.22
2011-06-10,23.22,24.58,23.14,23.59
2011-06-13,23.64999,25.16,23.64999,24.74001
2011-06-14,24.28,24.28,23.25,23.45
2011-06-15,24.42999,26.77,24.42999,26.0
2011-06-16,26.39,30.27,26.39,27.97
2011-06-17,27.97,28.21001,26.61,27.02
2011-06-20,27.02,29.06,25.67999,25.84
2011-06-21,25.42999,25.42999,23.85001,24.91
2011-06-22,24.91,25.05,23.5,24.59
2011-06-23,24.97,27.39,24.97,25.11
2011-06-24,25.11,26.28999,24.8,25.67
2011-06-27,25.67,27.23,25.27,25.73
2011-06-28,25.73,25.81,24.34,24.42
2011-06-29,24.42,24.46001,22.48,22.53
2011-06-30,22.53,23.27,21.25999,21.56
2011-07-01,21.56,21.57001,20.07001,21.13
2011-07-05,21.33,21.97,21.33,21.46001
2011-07-06,21.46001,22.58,21.25,21.44
2011-07-07,21.24001,21.24001,20.78999,20.94
2011-07-08,20.94,22.03999,20.03999,20.08
2011-07-11,20.47,23.12,20.47,22.17
2011-07-12,22.17,23.78999,21.88,23.41
2011-07-13,23.39999,23.39999,21.14999,22.84
2011-07-14,22.84,24.7,22.24001,23.89999
2011-07-15,23.89999,24.49001,22.88,23.13
2011-07-18,24.58,26.14,24.58,25.0
2011-07-19,24.24001,24.24001,22.73,23.09
2011-07-20,23.09,24.05,22.7,23.10001
2011-07-21,22.99001,22.99001,21.97,22.03999
2011-07-22,22.03999,22.69,21.64999,22.05
2011-07-25,23.72,24.60001,23.72,23.83
2011-07-26,24.32001,25.42,24.32001,25.13
2011-07-27,25.81,29.27,25.81,29.10001
2011-07-28,29.10001,29.86,27.31,29.57001
2011-07-29,29.57001,32.32001,29.14,29.45
2011-08-01,29.45,29.64,27.07001,27.97
2011-08-02,27.97,29.39999,26.86,29.39999
2011-08-03,29.39999,30.42999,27.53999,28.02
2011-08-04,29.48,36.86,29.48,35.85001
2011-08-05,35.85001,44.83,33.33,38.21001
2011-08-08,41.14,55.00999,41.14,54.84
2011-08-09,54.84,55.89999,42.32001,42.78
2011-08-10,45.82001,52.86,45.82001,50.50999
2011-08-11,50.50999,51.61,44.62,46.83
2011-08-12,46.39,46.39,41.42999,42.56
2011-08-15,41.67,41.67,36.86,37.05
2011-08-16,37.56,40.47,37.56,38.59
2011-08-17,38.22,38.22,36.44,36.7
2011-08-18,41.19,49.48,41.19,47.53
2011-08-19,47.53,51.78999,46.92999,49.37
2011-08-22,49.37,51.71001,45.92999,49.82001
2011-08-23,49.82001,50.64,42.7,43.3
2011-08-24,43.3,46.0,41.75,43.32001
2011-08-25,43.32001,48.09,40.66,47.96001
2011-08-26,47.96001,50.78,42.37,43.10001
2011-08-29,41.7,41.7,39.23,39.38
2011-08-30,39.38,40.97,38.67,40.84
2011-08-31,40.3,40.3,38.17,39.39
2011-09-01,39.39,40.52,37.96001,39.61
2011-09-02,41.03999,43.7,41.03999,42.14
2011-09-06,45.34,47.78999,45.34,45.5
2011-09-07,43.89,43.89,42.00999,42.03999
2011-09-08,42.03999,44.33,41.66,43.50999
2011-09-09,44.99001,50.10001,44.99001,48.57001
2011-09-12,48.89,53.31,48.89,49.16
2011-09-13,49.16,50.56,46.8,47.03999
2011-09-14,47.03999,49.00999,43.47,44.83
2011-09-15,43.86,43.86,41.19,41.53999
2011-09-16,41.53999,42.25999,39.45,39.72
2011-09-19,41.00999,45.03999,41.00999,41.59
2011-09-20,41.59,42.2,39.88,41.61
2011-09-21,41.61,45.33,41.32001,45.33
2011-09-22,48.25999,52.92,48.25999,50.3
2011-09-23,50.3,52.17999,49.34,50.56
2011-09-26,50.56,53.25999,49.39999,49.48
2011-09-27,48.67,48.67,44.96001,47.91
2011-09-28,47.91,51.89999,47.03999,51.49001
2011-09-29,51.49001,52.89,48.73,49.28999
2011-09-30,50.45,53.77,50.45,53.05
2011-10-03,53.05,57.75999,52.92999,57.66
2011-10-04,57.66,58.84,50.2,52.0
2011-10-05,52.0,52.14999,47.33,48.46001
2011-10-06,48.46001,49.07001,46.72,46.72
2011-10-07,46.72,50.13,45.37,48.34
2011-10-10,47.89,47.89,45.41,45.62
2011-10-11,45.62,46.94,44.27,44.37
2011-10-12,43.71001,43.71001,39.73,43.10001
2011-10-13,43.10001,43.87,41.02,41.39
2011-10-14,40.75,40.75,38.85001,39.07001
2011-10-17,41.28999,44.25999,41.28999,44.16
2011-10-18,44.16,46.19,40.28,41.42999
2011-10-19,41.95,45.85001,41.95,44.64999
2011-10-20,44.84,48.0,44.84,45.22
2011-10-21,43.48,43.48,40.88,41.05
2011-10-24,41.05,42.03999,38.7,39.7
2011-10-25,40.21001,42.50999,40.21001,42.34
2011-10-26,42.34,43.73,39.85001,40.5
2011-10-27,36.8,36.8,34.41,35.49001
2011-10-28,35.49001,36.03,34.58,34.67
2011-10-31,36.50999,39.35001,36.50999,39.25999
2011-11-01,42.84,46.50999,42.84,45.2
2011-11-02,44.91,44.91,42.42999,43.03999
2011-11-03,43.03999,45.5,40.28,41.00999
2011-11-04,41.00999,42.62,39.75,39.85001
2011-11-07,39.85001,42.83,39.75999,39.81
2011-11-08,39.81,41.37,37.08,37.36
2011-11-09,40.99001,46.31,40.99001,45.94
2011-11-10,45.58,45.58,42.66,43.74001
2011-11-11,41.85001,41.85001,39.67,39.92
2011-11-14,41.11,43.08,41.11,41.22
2011-11-15,41.22,43.17999,39.97,40.82001
2011-11-16,40.82001,42.37,39.28,42.03999
2011-11-17,42.03999,44.61,41.47,43.56
2011-11-18,43.19,43.19,40.57001,40.57001
2011-11-21,41.88,44.95,41.88,42.07001
2011-11-22,42.07001,42.50999,40.05,40.78999
2011-11-23,41.71001,43.53,41.71001,43.16
2011-11-25,43.16,44.45,42.78,43.16
2011-11-28,42.2,42.2,40.78,40.92
2011-11-29,40.92,41.71001,40.17999,40.17999
2011-11-30,37.44,37.44,36.19,36.77
2011-12-01,36.77,37.32001,35.58,36.75
2011-12-02,36.75,36.98,35.17999,36.84
2011-12-05,36.84,37.34,35.67999,36.66
2011-12-06,36.66,37.46001,35.99001,36.67
2011-12-07,36.75999,38.34,36.75999,37.2
2011-12-08,38.03,39.64,38.03,39.36
2011-12-09,38.36,38.36,34.64999,34.64999
2011-12-12,34.64999,36.05,33.87,34.03
2011-12-13,34.03,35.38,32.19,34.10001
2011-12-14,34.64,36.69,34.64,35.13
2011-12-15,34.14999,34.14999,32.59,32.74001
2011-12-16,32.74001,33.17999,31.08,31.96001
2011-12-19,32.2,33.64999,32.2,33.3
2011-12-20,31.74001,31.74001,30.3,31.09
2011-12-21,31.09,31.53,29.58,29.81
2011-12-22,29.81,30.21001,29.11,30.21001
2011-12-23,30.21001,30.44,29.64,29.8
2011-12-27,30.69,32.34,30.69,30.85001
2011-12-28,31.2,32.52,31.2,32.31
2011-12-29,32.31,32.48,31.31,31.44
2011-12-30,31.44,31.98,31.33,31.64
2012-01-03,31.64,31.91,30.99001,31.62
2012-01-04,31.62,32.50999,30.87,31.02
2012-01-05,31.02,32.46001,29.73,30.14
2012-01-06,30.14,30.34,28.58,29.19
2012-01-09,29.48,30.64999,29.48,29.60001
2012-01-10,28.67,28.67,28.11,28.11
2012-01-11,28.11,28.94,28.00999,28.13
2012-01-12,28.13,29.16,27.67,27.67
2012-01-13,28.33,29.8,28.33,28.37
2012-01-17,28.37,29.75999,28.17,29.39999
2012-01-18,29.39999,30.03,27.03999,27.19
2012-01-19,27.19,27.2,25.58,26.28999
2012-01-20,26.28999,26.33,24.24001,24.42
2012-01-23,24.7,26.24001,24.7,24.82001
2012-01-24,24.82001,26.07001,24.64,24.67999
2012-01-25,24.67999,25.37,24.02,24.34
2012-01-26,24.34,24.88,23.67999,24.12
2012-01-27,24.12,24.73,23.97,24.06
2012-01-30,25.03,26.42,25.03,25.12
2012-01-31,25.12,25.97,24.31,25.52
2012-02-01,24.81,24.81,23.64,23.92
2012-02-02,23.92,24.62,23.35001,24.11
2012-02-03,23.95,23.95,22.7,23.84
2012-02-06,24.39,25.39999,24.39,24.64999
2012-02-07,24.64999,25.19,24.08,24.41
2012-02-08,24.41,25.99001,23.96001,24.67999
2012-02-09,24.67999,25.89,24.64,25.22
2012-02-10,26.47,28.46001,26.47,26.97
2012-02-13,26.42999,26.42999,25.27,25.42999
2012-02-14,25.81,27.22,25.81,26.03
2012-02-15,26.03,28.8,25.55,28.02
2012-02-16,28.02,28.53999,26.14,26.36
2012-02-17,25.92,25.92,24.82001,25.50999
2012-02-21,25.50999,26.41,25.13,25.75999
2012-02-22,25.75999,26.27,25.11,25.48
2012-02-23,25.48,25.85001,23.69,23.69
2012-02-24,23.69,24.69,23.31,24.38
2012-02-27,25.10001,26.98,25.10001,25.75
2012-02-28,25.75,26.60001,25.3,25.88
2012-02-29,25.88,27.00999,25.49001,26.34
2012-03-01,25.69,25.69,24.52,24.77
2012-03-02,24.77,26.21001,24.64999,25.34
2012-03-05,25.34,26.73,25.14999,25.22
2012-03-06,26.96001,28.03,26.96001,27.61
2012-03-07,27.27,27.27,25.81,25.84
2012-03-08,25.7,25.7,24.72,24.86
2012-03-09,24.63,24.63,23.17999,23.89
2012-03-12,23.78999,23.78999,22.38,22.39999
2012-03-13,22.39999,22.48,21.57001,21.95
2012-03-14,22.07001,23.10001,22.07001,22.42999
2012-03-15,22.42999,23.00999,21.69,21.78999
2012-03-16,21.78999,22.11,20.38,20.91
2012-03-19,20.91,22.71001,20.72,21.86
2012-03-20,21.88,22.72,21.88,22.14
2012-03-21,22.14,22.25,21.39,21.83
2012-03-22,22.38,23.50999,22.38,22.47
2012-03-23,22.47,23.47,21.53999,21.53999
2012-03-26,21.53999,22.03999,20.91,20.91
2012-03-27,21.14,22.42999,21.14,22.35001
2012-03-28,22.35001,24.21001,22.25999,22.72
2012-03-29,22.72,24.07001,22.28,22.28
2012-03-30,22.28,22.92,21.53999,22.53999
2012-04-02,22.53999,23.86,21.85001,21.85001
2012-04-03,21.85001,22.78999,21.72,22.21001
2012-04-04,22.8,24.35001,22.8,23.22
2012-04-05,23.22,23.75,22.92,23.11
2012-04-09,24.44,26.02,24.44,25.07001
2012-04-10,25.07001,27.92999,24.89,26.88
2012-04-11,26.85001,26.85001,25.52,26.38
2012-04-12,26.32001,26.32001,24.23,24.23
2012-04-13,25.0,26.11,25.0,26.11
2012-04-16,26.11,27.03999,25.47,26.55
2012-04-17,25.5,25.5,24.22,25.25
2012-04-18,25.25,26.02,25.16,25.81
2012-04-19,25.81,26.69,24.55,25.50999
2012-04-20,24.71001,24.71001,23.16,23.96001
2012-04-23,25.41,27.11,25.41,25.52
2012-04-24,25.52,25.8,24.32001,24.58
2012-04-25,24.28,24.28,23.06,23.27
2012-04-26,23.27,23.57001,22.38,22.62
2012-04-27,22.62,23.42999,22.03999,22.35001
2012-04-30,23.39999,24.10001,23.39999,23.78
2012-05-01,23.78,24.17,22.39999,23.73
2012-05-02,23.73,24.61,23.19,23.49001
2012-05-03,23.49001,24.62,22.47,24.31
2012-05-04,24.56,26.21001,24.56,25.48
2012-05-07,25.48,26.35001,24.36,24.61
2012-05-08,24.61,27.0,24.55,24.69
2012-05-09,24.94,27.08,24.94,25.78
2012-05-10,25.55,25.55,24.41,24.50999
2012-05-11,24.67,26.09,24.67,25.91
2012-05-14,27.33,28.50999,27.33,28.50999
2012-05-15,28.50999,28.81,27.13,28.34
2012-05-16,28.34,28.63,27.28,28.38
2012-05-17,28.38,31.19,28.25,31.19
2012-05-18,31.19,31.94,29.69,31.64999
2012-05-21,31.64999,32.03999,28.8,28.89999
2012-05-22,28.89999,29.5,27.67,29.03
2012-05-23,29.03,30.92,28.13,28.61
2012-05-24,28.61,29.89,28.16,28.17
2012-05-25,28.17,28.56,27.52,28.25999
2012-05-29,28.25999,29.57001,27.75999,27.86
2012-05-30,29.42,30.38,29.42,30.10001
2012-05-31,30.10001,32.00999,29.37,30.25999
2012-06-01,31.53,33.45,31.53,33.45
2012-06-04,33.45,34.72,32.66,32.89
2012-06-05,32.89,33.09,31.05,31.19
2012-06-06,30.34,30.34,28.32001,28.32001
2012-06-07,28.32001,28.86,27.09,28.63
2012-06-08,28.63,29.73,26.8,26.8
2012-06-11,26.8,29.67999,26.38,29.67999
2012-06-12,29.67999,30.22,27.53999,27.53999
2012-06-13,28.25999,30.97,28.25999,30.52
2012-06-14,30.52,30.67,28.73,28.73
2012-06-15,28.73,29.02,27.09,27.17
2012-06-18,27.17,28.45,24.78,24.82001
2012-06-19,24.75,24.75,23.22,23.95
2012-06-20,23.95,25.00999,22.86,22.86
2012-06-21,22.86,25.34,22.8,24.98
2012-06-22,24.64,24.64,23.41,23.44
2012-06-25,25.45,26.67999,25.45,25.61
2012-06-26,25.61,26.38,25.14999,25.33
2012-06-27,25.33,25.42,24.57001,25.06
2012-06-28,25.06,26.78999,24.99001,25.12
2012-06-29,23.28,23.28,21.81,21.92999
2012-07-02,21.92999,23.57001,21.57001,21.59
2012-07-03,21.59,21.75,20.89999,21.59
2012-07-05,21.59,22.57001,21.44,21.82001
2012-07-06,21.82001,22.75999,21.78,21.78
2012-07-09,22.32001,23.42,22.32001,22.32001
2012-07-10,22.32001,24.0,21.85001,23.37
2012-07-11,23.37,24.02,22.92,22.95
2012-07-12,22.95,24.60001,22.82001,23.21001
2012-07-13,22.67,22.67,21.56,21.56
2012-07-16,21.99001,22.92,21.99001,22.46001
2012-07-17,22.46001,23.17999,21.14,22.22
2012-07-18,22.22,22.5,20.99001,21.64
2012-07-19,21.64,22.33,21.27,21.45
2012-07-20,21.45,22.37,20.82001,21.17999
2012-07-23,23.98,25.86,23.98,24.22
2012-07-24,24.22,26.39999,23.99001,25.72
2012-07-25,25.72,26.2,24.60001,24.61
2012-07-26,24.14,24.14,22.92999,23.39999
2012-07-27,23.28,23.28,21.28999,21.42999
2012-07-30,22.25,23.28999,22.25,23.14
2012-07-31,23.14,24.11,22.86,24.05
2012-08-01,24.05,24.45,23.42999,24.41
2012-08-02,24.41,24.78,23.44,23.45
2012-08-03,22.47,22.47,21.46001,21.49001
2012-08-06,21.49001,22.28,20.92,21.28
2012-08-07,21.28,21.67999,20.53,21.67999
2012-08-08,21.67999,21.96001,20.84,20.97
2012-08-09,20.97,21.02,20.16,20.19
2012-08-10,20.19,20.8,19.92999,19.99001
2012-08-13,19.99001,20.05,18.61,18.97
2012-08-14,18.97,20.37,18.7,19.92
2012-08-15,19.92,20.33,18.73,18.77
2012-08-16,18.77,19.77,18.74001,19.25999
2012-08-17,19.25999,19.39999,17.77,17.98
2012-08-20,18.13,19.25,18.13,18.24001
2012-08-21,18.24001,19.39,17.83,18.7
2012-08-22,18.74001,19.44,18.74001,18.98
2012-08-23,19.25999,20.66,19.25999,19.84
2012-08-24,19.84,20.46001,19.52,20.14
2012-08-27,20.45,21.46001,20.45,20.52
2012-08-28,20.52,21.23,20.49001,20.60001
2012-08-29,20.60001,21.2,20.36,20.99001
2012-08-30,21.57001,22.69,21.57001,22.52
2012-08-31,22.52,23.11,21.32001,21.56
2012-09-04,21.78999,23.73,21.78999,22.03999
2012-09-05,22.03999,22.67999,21.98,22.48
2012-09-06,21.75999,21.75999,20.10001,20.10001
2012-09-07,20.03,20.03,18.48,18.52
2012-09-10,19.02,20.3,19.02,20.3
2012-09-11,20.3,20.53,19.63,20.53
2012-09-12,20.53,20.60001,19.83,20.2
2012-09-13,20.2,20.92,18.63,18.92
2012-09-14,18.56,18.56,17.37,18.25999
2012-09-17,18.27,19.08,18.27,18.27
2012-09-18,18.27,18.82001,17.59,17.60001
2012-09-19,17.60001,17.94,17.39,17.84
2012-09-20,17.98,18.69,17.98,18.05
2012-09-21,17.64,17.64,17.0,17.02
2012-09-24,17.78999,18.56,17.78999,18.03
2012-09-25,18.03,19.7,17.57001,19.56
2012-09-26,19.78999,21.11,19.78999,20.37
2012-09-27,20.35001,20.35001,18.78999,18.85001
2012-09-28,19.0,19.82001,19.0,19.62
2012-10-01,19.62,20.49001,18.48,19.78999
2012-10-02,19.78999,20.17,19.50999,19.53999
2012-10-03,19.53999,19.78,19.0,19.21001
2012-10-04,19.21001,19.74001,18.56,18.56
2012-10-05,18.56,18.77,17.98,18.47
2012-10-08,19.37,19.75999,19.37,19.37
2012-10-09,19.5,20.66,19.5,20.55
2012-10-10,20.55,20.72,19.67999,19.67999
2012-10-11,19.39999,19.39999,18.69,19.11
2012-10-12,19.11,19.78,18.89,19.78
2012-10-15,19.78,20.34,19.17,19.17
2012-10-16,19.0,19.0,18.17,18.92999
2012-10-17,18.92999,19.3,18.00999,18.05
2012-10-18,18.05,18.84,17.97,18.74001
2012-10-19,18.91,20.86,18.91,20.67
2012-10-22,20.67,21.25999,20.25,20.25
2012-10-23,21.44,22.58,21.44,21.83
2012-10-24,21.83,22.25999,21.32001,21.92999
2012-10-25,21.92999,22.32001,21.19,21.61
2012-10-26,21.61,22.39,21.12,21.12
2012-10-31,21.21001,22.17,21.21001,21.61
2012-11-01,21.24001,21.24001,19.52,19.61
2012-11-02,19.61,20.88,19.21001,20.83
2012-11-05,21.24001,21.82001,21.24001,21.58
2012-11-06,21.17999,21.17999,20.50999,20.99001
2012-11-07,20.99001,22.64999,20.99001,22.34
2012-11-08,22.10001,22.10001,21.59,21.92
2012-11-09,21.92,22.44,20.89,21.62
2012-11-12,21.2,21.2,20.36,20.59
2012-11-13,20.59,21.38,19.95,20.34
2012-11-14,20.34,21.60001,19.94,21.25
2012-11-15,21.25,22.44,20.41,21.71001
2012-11-16,21.71001,22.25,19.8,19.94
2012-11-19,19.64999,19.64999,17.8,18.0
2012-11-20,18.07001,18.75,18.07001,18.12
2012-11-21,18.02,18.02,17.53999,17.85001
2012-11-23,17.85001,18.60001,17.78999,17.85001
2012-11-26,18.82001,19.5,18.82001,18.84
2012-11-27,18.84,19.22,18.37,19.2
2012-11-28,19.2,20.7,18.94,18.96001
2012-11-29,18.86,18.86,18.02,18.12
2012-11-30,18.21001,19.25999,18.21001,18.78999
2012-12-03,18.95,20.10001,18.95,19.74001
2012-12-04,19.74001,20.77,19.59,20.03999
2012-12-05,20.03999,21.14,19.48,20.13
2012-12-06,20.13,20.67999,20.08,20.22
2012-12-07,20.22,20.45,19.64,19.64
2012-12-10,19.72,20.35001,19.72,19.72
2012-12-11,19.71001,19.71001,19.05,19.07001
2012-12-12,19.17999,20.60001,19.17999,20.00999
2012-12-13,20.00999,20.67,19.75999,20.63
2012-12-14,20.71001,21.28999,20.71001,20.78
2012-12-17,20.78,21.52,19.7,19.7
2012-12-18,19.7,19.97,18.96001,19.11
2012-12-19,19.39,20.50999,19.39,20.19
2012-12-20,20.19,20.32001,19.94,20.14
2012-12-21,20.42999,22.14999,20.42999,20.58
2012-12-24,20.58,22.19,20.58,20.58
2012-12-26,21.59,22.22,21.59,22.02
2012-12-27,22.02,23.82001,21.67,22.59
2012-12-28,22.92,24.89999,22.92,24.47
2012-12-31,24.47,25.16,21.55,21.73
2013-01-02,19.52,19.52,18.42,18.42
2013-01-03,18.42,18.72,17.67,18.11
2013-01-04,17.97,17.97,16.8,17.23
2013-01-07,17.52,18.31,17.52,17.53
2013-01-08,17.53,18.46001,17.28,17.28
2013-01-09,17.28,17.31,16.64999,16.64999
2013-01-10,16.64999,17.45,16.61,16.75999
2013-01-11,16.75999,17.36,16.69,16.69
2013-01-14,16.87,17.25,16.87,16.91
2013-01-15,16.91,17.56,16.37,16.64999
2013-01-16,16.64999,17.17,16.3,16.42
2013-01-17,16.42,16.46001,15.93,16.34
2013-01-18,16.34,16.45,14.43,14.67
2013-01-22,14.77,16.42999,14.77,14.78
2013-01-23,14.97,15.47,14.97,15.34
2013-01-24,15.34,16.3,14.83,15.59
2013-01-25,15.59,16.49001,15.52,16.05
2013-01-28,16.60001,17.49001,16.60001,16.87
2013-01-29,16.87,17.44,16.46001,16.46001
2013-01-30,16.72,17.59,16.72,17.5
2013-01-31,17.5,17.89999,17.21001,17.42
2013-02-01,16.95,16.95,15.91,16.44
2013-02-04,17.17,18.05,17.17,17.84
2013-02-05,17.52,17.52,16.91,17.25999
2013-02-06,17.25999,17.91,16.77,16.8
2013-02-07,16.8,17.78,16.74001,16.74001
2013-02-08,16.61,16.61,15.84,15.9
2013-02-11,15.98,16.95,15.98,16.02
2013-02-12,16.02,16.28999,15.7,15.83
2013-02-13,15.83,16.14,15.64,15.87
2013-02-14,15.87,16.2,15.21,15.21
2013-02-15,15.21,15.71,14.53,15.32
2013-02-19,15.32,15.98,15.0,15.01
2013-02-20,15.03,17.8,15.03,17.8
2013-02-21,17.8,19.17,17.63,18.17
2013-02-22,18.05,18.05,17.21001,17.21001
2013-02-25,17.21001,21.5,17.07001,21.11
2013-02-26,21.11,21.56,19.96001,20.02
2013-02-27,19.97,19.97,17.83,18.47
2013-02-28,18.47,19.05,17.69,18.78
2013-03-01,18.78,20.33,17.74001,18.33
2013-03-04,18.33,19.37,17.89,17.96001
2013-03-05,17.38,17.38,16.64,16.82001
2013-03-06,16.82001,17.03,15.9,16.64999
2013-03-07,16.58,16.58,16.13,16.14
2013-03-08,16.14,16.72,15.35,15.4
2013-03-11,15.4,15.8,14.87,14.95
2013-03-12,15.05,15.83,15.05,15.46
2013-03-13,15.46,15.89,14.58,14.68
2013-03-14,14.57,14.57,13.65,13.65
2013-03-15,13.65,14.35,13.62,14.3
2013-03-18,15.56,16.56,15.56,16.02
2013-03-19,16.02,18.73,15.72,17.28999
2013-03-20,16.34,16.34,15.43,15.85
2013-03-21,15.85,17.32001,15.77,16.78
2013-03-22,16.78,17.42,16.23,16.97
2013-03-25,16.97,17.77,15.35,17.0
2013-03-26,17.0,17.12,16.14999,16.24001
2013-03-27,16.24001,17.53999,14.56,16.32001
2013-03-28,16.32001,16.60001,15.9,16.17999
2013-04-01,16.25999,18.84,16.25999,17.72
2013-04-02,17.61,17.61,16.78,17.10001
2013-04-03,17.10001,18.85001,16.99001,18.35001
2013-04-04,18.35001,18.94,18.10001,18.10001
2013-04-05,18.10001,19.85001,18.02,18.21001
2013-04-08,18.21001,19.00999,16.99001,16.99001
2013-04-09,16.99001,18.12,16.8,17.24001
2013-04-10,17.10001,17.10001,15.84,16.09
2013-04-11,16.09,16.21001,15.49,15.85
2013-04-12,16.0,16.99001,16.0,16.06
2013-04-15,17.00999,21.17,17.00999,20.88
2013-04-16,20.67,20.67,19.03999,19.28
2013-04-17,20.46001,23.28,20.46001,21.69
2013-04-18,21.69,23.50999,21.37,22.84
2013-04-19,22.53999,22.53999,20.22,20.89999
2013-04-22,20.89999,22.52,19.97,20.25999
2013-04-23,20.03,20.03,18.39999,19.10001
2013-04-24,19.10001,20.02,18.67,18.8
2013-04-25,18.8,19.23,17.66,18.98
2013-04-26,18.98,20.08,18.85001,19.03999
2013-04-29,19.03999,19.39,18.5,18.78
2013-04-30,18.78,19.57001,18.45,18.53
2013-05-01,18.88,20.61,18.88,20.61
2013-05-02,20.2,20.2,18.98,19.21001
2013-05-03,18.46001,18.46001,17.73,18.38
2013-05-06,18.38,18.78999,17.92999,17.92999
2013-05-07,17.92999,18.53,17.59,17.99001
2013-05-08,17.99001,18.84,17.99001,18.03999
2013-05-09,18.2,19.24001,18.2,18.73
2013-05-10,18.73,18.83,17.74001,17.82001
2013-05-13,17.82001,18.22,17.72,17.89
2013-05-14,17.82001,17.82001,17.48,17.71001
2013-05-15,17.75999,18.46001,17.75999,18.09
2013-05-16,18.09,18.56,17.3,17.8
2013-05-17,17.62,17.62,15.85,15.94
2013-05-20,16.48,17.25,16.48,16.87
2013-05-21,16.88,17.81,16.88,17.56
2013-05-22,17.56,19.45,17.03999,18.86
2013-05-23,18.86,20.25999,18.64999,18.64999
2013-05-24,18.64999,19.69,18.52,18.62
2013-05-28,18.62,19.73,18.03999,19.3
2013-05-29,19.49001,20.82001,19.49001,19.61
2013-05-30,19.61,20.07001,19.08,19.16
2013-05-31,19.16,21.16,19.03999,21.16
2013-06-03,21.16,22.84,20.85001,20.96001
2013-06-04,20.96001,22.33,20.52,21.23
2013-06-05,21.42,22.56,21.42,21.73
2013-06-06,21.73,22.82001,20.86,20.86
2013-06-07,20.83,20.83,19.41,19.86
2013-06-10,19.86,20.48,19.73,19.75999
2013-06-11,20.34,21.81,20.34,21.37
2013-06-12,21.37,23.06,20.75,22.96001
2013-06-13,22.96001,23.16,20.63,20.96001
2013-06-14,20.96001,21.71001,20.55,21.31
2013-06-17,21.22,21.22,20.38,20.38
2013-06-18,20.38,20.78999,19.71001,19.82001
2013-06-19,19.82001,20.44,18.38,19.60001
2013-06-20,21.19,23.48,21.19,22.78999
2013-06-21,22.78999,23.7,21.63,22.64999
2013-06-24,22.64999,25.52,22.42,23.21001
2013-06-25,23.07001,23.07001,21.39,21.60001
2013-06-26,21.60001,22.12,20.53,20.86
2013-06-27,20.39999,20.39999,19.50999,19.74001
2013-06-28,19.74001,20.58,18.52,20.3
2013-07-01,20.3,20.39,19.03999,19.34
2013-07-02,19.34,20.17,18.88,19.46001
2013-07-03,19.53,20.37,19.53,19.63
2013-07-05,19.63,19.91,18.11,18.17
2013-07-08,18.22,19.00999,18.22,18.53999
2013-07-09,18.53999,18.57001,17.92999,18.08
2013-07-10,18.08,18.58,17.85001,18.32001
2013-07-11,18.32001,18.38,17.3,17.55
2013-07-12,17.55,17.66,17.09,17.33
2013-07-15,17.33,17.94,17.14,17.42999
2013-07-16,17.42999,18.14,17.17999,17.69
2013-07-17,17.69,17.94,17.14999,17.28
2013-07-18,17.28,17.60001,16.8,17.3
2013-07-19,17.3,17.67999,16.33,16.35001
2013-07-22,16.45,17.3,16.45,16.45
2013-07-23,16.45,17.28999,16.28999,16.67999
2013-07-24,16.67999,17.95,16.53,17.25999
2013-07-25,17.25999,17.72,16.60001,16.73
2013-07-26,16.73,17.35001,16.73,16.75
2013-07-29,17.42999,18.25,17.42999,17.89999
2013-07-30,17.89999,18.5,17.78,17.96001
2013-07-31,17.96001,18.39999,17.37,18.06
2013-08-01,17.48,17.48,17.02,17.28
2013-08-02,17.28,17.31,16.16,16.33
2013-08-05,16.33,16.95,16.00999,16.07001
2013-08-06,16.32001,17.48,16.32001,17.06
2013-08-07,17.32001,18.12,17.32001,17.38
2013-08-08,17.38,17.42999,16.81,17.13
2013-08-09,17.13,17.86,17.06,17.49001
2013-08-12,17.49001,17.81,16.59,16.61
2013-08-13,16.61,17.37,16.35001,16.64999
2013-08-14,16.64999,17.09,16.50999,16.86
2013-08-15,17.39999,18.75,17.39999,18.56
2013-08-16,18.56,18.83,17.17999,18.37
2013-08-19,18.46001,19.53999,18.46001,19.37
2013-08-20,19.37,19.57001,17.95,18.71001
2013-08-21,18.71001,20.82001,18.64999,19.87
2013-08-22,19.27,19.27,18.49001,18.78
2013-08-23,18.78,19.25999,17.88,17.91
2013-08-26,18.25,19.28,18.25,19.02
2013-08-27,19.71001,21.82001,19.71001,21.58
2013-08-28,21.58,21.77,20.71001,21.24001
2013-08-29,21.24001,21.31,20.32001,21.00999
2013-08-30,21.02,22.78,21.02,22.14999
2013-09-03,22.14999,23.41,21.42,22.05
2013-09-04,22.05,22.5,21.12,21.14999
2013-09-05,21.29,21.29,20.58,20.85
2013-09-06,20.38,22.21,20.12,20.79
2013-09-09,20.99,21.04,20.21,20.5
2013-09-10,19.87,20.16,19.28,19.35
2013-09-11,19.37,19.55,18.72,18.9
2013-09-12,19.08,19.71,19.02,19.46
2013-09-13,19.43,19.62,18.93,18.95
2013-09-16,18.92,19.97,18.81,19.53
2013-09-17,19.61,19.61,18.79,18.79
2013-09-18,19.06,19.69,17.19,18.14
2013-09-19,17.61,18.11,17.26,17.29
2013-09-20,17.44,17.71,16.43,17.49
2013-09-23,18.31,18.82,17.75,18.08
2013-09-24,17.97,18.57,17.53,18.13
2013-09-25,18.18,18.63,17.6,18.46
2013-09-26,18.22,18.68,17.88,18.04
2013-09-27,18.78,19.4,18.54,19.27
2013-09-30,21.22,21.24,20.08,20.38
2013-10-01,20.38,20.38,18.93,19.0
2013-10-02,20.07,20.34,19.7,20.22
2013-10-03,20.21,22.05,20.12,21.0
2013-10-04,21.01,21.09,19.96,20.09
2013-10-07,22.13,23.01,21.56,22.99
2013-10-08,22.74,25.18,22.74,24.52
2013-10-09,24.38,25.98,23.96,24.41
2013-10-10,23.14,23.14,21.22,21.43
2013-10-11,21.64,21.65,19.33,19.62
2013-10-14,21.26,21.46,20.33,20.49
2013-10-15,20.83,22.67,20.75,22.22
2013-10-16,21.36,21.5,18.77,18.82
2013-10-17,19.04,19.04,16.52,16.52
2013-10-18,15.93,16.34,15.33,15.39
2013-10-21,16.12,16.37,15.8,15.95
2013-10-22,15.72,16.67,15.54,16.14
2013-10-23,16.67,17.33,16.4,16.4
2013-10-24,16.6,16.6,15.39,15.69
2013-10-25,15.79,16.28,15.68,15.96
2013-10-28,16.58,16.86,16.12,16.12
2013-10-29,16.23,16.84,16.04,16.51
2013-10-30,16.76,18.05,16.74,17.04
2013-10-31,17.32,17.51,16.69,17.25
2013-11-01,17.4,18.25,17.14,17.37
2013-11-04,17.75,17.9,16.82,16.86
2013-11-05,17.3,17.77,16.98,17.08
2013-11-06,16.92,17.6,16.92,17.28
2013-11-07,17.11,18.43,17.09,18.33
2013-11-08,17.96,18.29,17.11,17.41
2013-11-11,17.54,17.71,16.62,16.97
2013-11-12,17.3,17.68,16.91,17.24
2013-11-13,18.06,18.1,16.49,16.96
2013-11-14,17.08,17.5,16.23,16.56
2013-11-15,16.16,16.73,15.48,15.85
2013-11-18,16.46,17.6,16.29,17.36
2013-11-19,17.39,18.16,16.94,17.53
2013-11-20,17.36,17.59,16.28,17.22
2013-11-21,17.04,17.09,14.15,16.57
2013-11-22,16.62,16.83,15.96,16.06
2013-11-25,16.7,17.03,16.33,16.52
2013-11-26,16.65,16.76,16.15,16.3
2013-11-27,16.35,16.37,16.04,16.12
2013-11-29,16.22,17.08,16.22,16.99
2013-12-02,17.52,18.15,17.52,17.95
2013-12-03,18.24,18.71,18.03,18.16
2013-12-04,18.68,19.5,18.14,18.37
2013-12-05,18.72,19.28,18.32,19.23
2013-12-06,18.27,18.27,17.44,17.83
2013-12-09,18.5,18.94,18.04,18.04
2013-12-10,18.41,18.96,18.36,18.4
2013-12-11,18.62,19.87,18.59,19.5
2013-12-12,19.6,20.47,19.49,19.73
2013-12-13,19.35,20.02,19.29,19.53
2013-12-16,19.92,20.09,19.59,19.72
2013-12-17,19.74,20.35,19.46,19.53
2013-12-18,19.54,20.11,16.88,17.54
2013-12-19,17.53,17.53,16.81,17.36
2013-12-20,16.9,17.0,16.03,16.21
2013-12-23,16.32,16.48,16.14,16.22
2013-12-24,15.97,16.01,15.65,15.77
2013-12-26,15.95,16.0,15.76,15.85
2013-12-27,15.85,16.36,15.75,16.17
2013-12-30,16.76,17.46,16.68,17.46
2013-12-31,17.22,17.88,16.84,17.53
2014-01-02,18.42,18.83,17.89,17.95
2014-01-03,17.93,18.04,17.41,17.5
2014-01-06,17.77,18.24,17.63,17.82
2014-01-07,17.58,17.62,16.82,16.97
2014-01-08,17.08,17.36,16.8,16.81
2014-01-09,16.72,17.21,16.51,16.77
2014-01-10,16.44,16.78,16.01,16.03
2014-01-13,15.64,16.96,15.29,16.15
2014-01-14,16.06,16.31,15.4,15.72
2014-01-15,15.3,15.78,15.18,15.31
2014-01-16,15.31,15.84,15.06,15.17
2014-01-17,15.48,16.08,15.02,15.79
2014-01-21,16.21,16.75,15.86,15.94
2014-01-22,16.9,16.9,15.43,15.61
2014-01-23,16.35,17.56,16.25,16.59
2014-01-24,17.72,20.82,17.71,20.71
2014-01-27,20.26,23.29,20.25,21.77
2014-01-28,21.77,21.87,20.01,20.01
2014-01-29,21.83,22.21,20.44,21.52
2014-01-30,20.71,21.33,19.66,21.33
2014-01-31,22.84,23.07,21.67,22.9
2014-02-03,23.71,27.58,22.69,27.19
2014-02-04,25.99,26.61,24.23,25.13
2014-02-05,25.79,27.27,25.31,25.8
2014-02-06,25.32,25.35,23.93,24.28
2014-02-07,23.07,23.11,21.41,21.43
2014-02-10,21.96,22.46,20.99,21.0
2014-02-11,21.17,21.2,19.64,19.9
2014-02-12,19.64,19.75,19.0,19.16
2014-02-13,20.42,20.42,18.24,18.71
2014-02-14,18.99,19.26,17.96,18.34
2014-02-18,18.83,19.44,18.22,18.68
2014-02-19,21.42,21.42,18.61,20.46
2014-02-20,20.1,20.47,19.23,19.35
2014-02-21,19.07,19.46,18.66,19.2
2014-02-24,19.41,19.45,18.38,18.72
2014-02-25,18.47,19.28,18.36,18.39
2014-02-26,18.59,18.94,17.08,18.52
2014-02-27,18.92,19.01,18.06,18.1
2014-02-28,18.3,19.81,17.13,19.52
2014-03-03,21.47,21.53,20.12,20.78
2014-03-04,19.35,19.35,18.49,19.16
2014-03-05,19.35,19.35,18.65,18.77
2014-03-06,18.65,18.96,18.57,18.88
2014-03-07,18.18,19.16,18.18,18.66
2014-03-10,19.71,20.2,19.23,19.24
2014-03-11,19.4,20.35,19.05,20.1
2014-03-12,20.64,20.98,19.46,19.73
2014-03-13,19.41,21.16,19.4,20.96
2014-03-14,21.44,22.06,20.49,21.83
2014-03-17,20.77,20.8,19.8,20.53
2014-03-18,20.22,20.22,18.59,18.79
2014-03-19,18.87,19.66,18.53,19.05
2014-03-20,19.86,20.28,18.96,19.08
2014-03-21,18.66,19.4,17.94,19.38
2014-03-24,19.57,21.51,19.55,20.14
2014-03-25,19.44,20.68,19.21,19.99
2014-03-26,19.36,21.18,19.34,21.12
2014-03-27,21.01,21.71,20.57,21.17
2014-03-28,21.06,21.1,19.99,21.0
2014-03-31,21.09,21.33,19.85,20.17
2014-04-01,19.93,19.93,18.45,18.5
2014-04-02,18.56,18.69,18.13,18.13
2014-04-03,18.21,19.37,18.17,19.08
2014-04-04,18.67,21.44,18.6,20.61
2014-04-07,21.87,22.62,21.61,21.93
2014-04-08,21.87,22.11,20.53,21.0
2014-04-09,20.57,20.91,20.03,20.15
2014-04-10,20.21,22.96,20.21,22.47
2014-04-11,23.19,24.57,22.32,23.62
2014-04-14,22.84,24.32,22.47,23.47
2014-04-15,23.32,25.27,22.07,23.32
2014-04-16,22.51,22.89,21.1,21.35
2014-04-17,21.49,21.49,19.74,19.97
2014-04-21,21.02,21.34,19.8,19.85
2014-04-22,19.71,19.79,18.71,18.95
2014-04-23,19.3,19.77,18.47,19.12
2014-04-24,19.01,20.73,18.98,19.69
2014-04-25,20.36,21.74,20.31,21.39
2014-04-28,21.8,23.4,21.5,21.74
2014-04-29,21.59,22.16,21.3,21.79
2014-04-30,22.34,22.97,20.05,20.17
2014-05-01,20.6,21.01,19.56,20.1
2014-05-02,19.94,20.34,19.33,20.04
2014-05-05,21.3,21.65,20.12,20.42
2014-05-06,20.73,21.2,20.35,21.02
2014-05-07,21.09,22.8,20.88,20.93
2014-05-08,21.13,21.65,20.1,21.38
2014-05-09,21.82,22.1,19.5,19.53
2014-05-12,19.26,19.37,17.63,17.96
2014-05-13,18.19,18.33,17.39,18.18
2014-05-14,18.38,19.28,18.08,19.14
2014-05-15,19.62,21.1,19.48,19.85
2014-05-16,19.74,20.61,19.13,19.42
2014-05-19,19.96,20.02,18.47,18.47
2014-05-20,18.86,20.32,18.85,19.61
2014-05-21,18.88,19.84,18.6,19.27
2014-05-22,19.11,19.27,18.35,18.6
2014-05-23,18.57,18.7,17.6,17.69
2014-05-27,18.0,18.23,17.52,17.83
2014-05-28,18.1,18.82,18.02,18.24
2014-05-29,18.07,18.8,17.95,17.95
2014-05-30,18.06,18.42,17.29,17.74
2014-06-02,18.26,19.52,18.24,18.75
2014-06-03,19.27,19.69,18.83,19.18
2014-06-04,19.48,19.68,18.77,18.95
2014-06-05,18.85,19.34,17.38,17.7
2014-06-06,17.18,17.57,17.06,17.09
2014-06-09,17.72,18.49,17.45,18.01
2014-06-10,18.35,18.63,17.84,17.91
2014-06-11,18.43,18.58,18.08,18.17
2014-06-12,18.41,19.04,18.17,18.27
2014-06-13,18.34,19.11,17.79,18.04
2014-06-16,18.62,18.76,17.98,18.09
2014-06-17,18.29,18.35,17.42,17.92
2014-06-18,17.98,18.06,16.36,16.38
2014-06-19,16.32,16.76,15.18,15.98
2014-06-20,16.06,16.34,15.43,15.84
2014-06-23,16.6,17.02,16.12,16.42
2014-06-24,16.61,17.7,15.59,17.56
2014-06-25,18.04,18.15,16.99,17.17
2014-06-26,17.15,18.22,16.94,17.05
2014-06-27,17.35,17.35,16.39,16.47
2014-06-30,17.19,17.43,16.36,16.41
2014-07-01,16.22,16.89,15.79,16.41
2014-07-02,16.39,16.54,16.05,16.49
2014-07-03,16.17,16.67,15.96,15.97
2014-07-07,16.96,17.81,16.96,17.74
2014-07-08,18.05,19.36,18.03,18.19
2014-07-09,18.24,18.45,17.7,17.97
2014-07-10,20.02,20.29,18.32,19.05
2014-07-11,19.02,19.66,18.78,18.8
2014-07-14,18.25,19.07,18.22,18.49
2014-07-15,18.68,19.69,18.27,18.84
2014-07-16,18.58,19.6,18.49,18.82
2014-07-17,19.49,21.02,18.63,20.8
2014-07-18,20.33,20.33,18.6,18.92
2014-07-21,20.1,20.6,19.35,19.44
2014-07-22,18.97,19.02,18.16,18.39
2014-07-23,18.13,18.8,18.13,18.35
2014-07-24,18.34,18.83,18.04,18.48
2014-07-25,19.18,19.45,18.58,18.75
2014-07-28,19.39,20.49,19.2,19.38
2014-07-29,19.36,19.79,18.18,19.54
2014-07-30,19.18,19.81,18.91,19.06
2014-07-31,20.32,22.46,19.67,22.22
2014-08-01,22.22,23.43,21.85,22.39
2014-08-04,22.66,23.32,20.97,21.29
2014-08-05,21.78,22.34,20.98,21.62
2014-08-06,22.43,22.58,20.65,21.21
2014-08-07,20.85,21.93,20.53,21.48
2014-08-08,21.42,21.71,20.3,20.52
2014-08-11,20.07,20.11,18.32,18.73
2014-08-12,19.24,19.52,18.11,18.86
2014-08-13,18.22,18.56,17.61,17.94
2014-08-14,17.62,17.93,17.09,17.09
2014-08-15,16.49,19.04,15.84,17.64
2014-08-18,17.19,17.55,16.34,16.55
2014-08-19,16.27,16.67,16.13,16.42
2014-08-20,17.4,17.54,16.4,16.69
2014-08-21,16.86,17.76,16.1,16.18
2014-08-22,16.29,16.92,15.95,16.13
2014-08-25,16.47,17.13,15.67,16.43
2014-08-26,16.38,16.39,15.81,15.94
2014-08-27,16.05,16.41,15.92,16.04
2014-08-28,16.65,17.09,16.42,16.49
2014-08-29,16.54,17.08,16.22,16.43
2014-09-02,17.23,17.65,16.73,16.79
2014-09-03,16.54,17.47,16.26,17.39
2014-09-04,17.22,18.08,16.88,17.71
2014-09-05,17.92,18.16,16.8,16.88
2014-09-08,17.66,17.81,16.73,16.73
2014-09-09,17.25,18.01,17.1,17.86
2014-09-10,17.93,18.35,17.42,17.62
2014-09-11,20.98,21.71,16.61,16.79
2014-09-12,17.08,18.57,17.04,17.92
2014-09-15,18.57,19.97,18.57,18.98
2014-09-16,19.55,19.74,18.22,18.26
2014-09-17,18.43,18.7,16.81,17.41
2014-09-18,17.42,17.58,16.94,16.99
2014-09-19,16.78,18.05,16.53,17.24
2014-09-22,18.54,19.87,18.54,19.26
2014-09-23,19.67,20.31,19.27,20.18
2014-09-24,19.82,20.6,18.86,18.97
2014-09-25,19.32,21.3,19.32,20.46
2014-09-26,20.45,20.95,19.32,19.39
2014-09-29,21.31,21.44,19.84,20.26
2014-09-30,20.46,21.54,19.99,21.49
2014-10-01,21.65,22.69,20.62,21.64
2014-10-02,21.65,22.61,20.73,21.23
2014-10-03,20.44,21.0,19.51,20.02
2014-10-06,20.49,21.38,20.17,20.89
2014-10-07,21.59,22.09,21.27,21.99
2014-10-08,22.29,22.97,20.43,20.68
2014-10-09,20.94,23.6,20.94,23.35
2014-10-10,23.66,24.75,22.68,24.35
2014-10-13,25.03,25.73,23.41,25.46
2014-10-14,25.01,25.57,23.12,24.54
2014-10-15,26.34,28.72,24.92,25.49
2014-10-16,28.26,30.05,26.08,26.22
2014-10-17,24.52,26.16,24.19,25.48
2014-10-20,26.42,26.42,22.91,22.96
2014-10-21,22.59,22.62,20.43,20.87
2014-10-22,20.9,22.87,20.5,22.6
2014-10-23,21.47,21.47,20.1,20.94
2014-10-24,21.08,21.91,20.76,20.85
2014-10-27,22.25,23.12,20.84,20.86
2014-10-28,20.78,20.84,19.5,19.66
2014-10-29,19.66,21.18,19.42,19.91
2014-10-30,20.06,20.81,19.32,19.63
2014-10-31,18.67,19.81,17.99,19.33
2014-11-03,19.91,21.16,19.61,20.32
2014-11-04,20.56,21.32,20.3,20.39
2014-11-05,19.88,20.59,19.85,20.0
2014-11-06,20.3,20.49,19.36,19.36
2014-11-07,19.48,19.76,18.05,18.15
2014-11-10,18.72,18.72,17.67,17.74
2014-11-11,18.02,18.17,17.62,17.65
2014-11-12,18.36,18.39,17.64,17.67
2014-11-13,17.79,19.15,17.77,18.86
2014-11-14,18.84,19.2,18.57,18.65
2014-11-17,19.27,19.74,19.03,19.05
2014-11-18,19.17,19.23,18.26,19.01
2014-11-19,19.61,20.85,18.86,19.65
2014-11-20,20.03,20.06,18.24,18.24
2014-11-21,17.49,19.05,17.37,18.46
2014-11-24,19.01,19.01,17.58,17.59
2014-11-25,17.67,18.62,17.29,17.68
2014-11-26,17.77,17.91,17.45,17.47
2014-11-28,18.06,20.08,18.06,19.96
2014-12-01,20.78,22.33,20.78,21.68
2014-12-02,21.57,21.57,20.11,20.2
2014-12-03,20.35,20.53,19.17,19.32
2014-12-04,19.44,20.44,19.24,19.43
2014-12-05,19.19,19.33,18.45,18.53
2014-12-08,19.7,21.14,18.77,20.58
2014-12-09,21.92,22.23,19.58,19.85
2014-12-10,20.33,23.4,20.16,22.79
2014-12-11,22.57,23.45,20.61,23.41
2014-12-12,24.75,25.05,22.96,24.4
2014-12-15,23.44,25.67,22.89,24.28
2014-12-16,25.02,26.08,23.06,26.04
2014-12-17,25.53,25.94,22.48,22.53
2014-12-18,21.6,21.98,20.72,20.72
2014-12-19,20.95,21.72,19.85,20.03
2014-12-22,20.27,20.95,19.71,19.8
2014-12-23,19.5,20.16,18.93,19.01
2014-12-24,18.97,19.36,18.49,18.49
2014-12-26,19.17,19.24,18.5,18.76
2014-12-29,19.76,19.89,19.14,19.15
2014-12-30,19.76,20.19,19.08,19.86
2014-12-31,19.86,22.98,19.72,22.68
2015-01-02,22.16,24.92,19.59,22.42
2015-01-05,23.61,25.1,23.61,24.11
2015-01-06,24.19,26.65,24.06,24.98
2015-01-07,24.4,24.52,23.2,23.21
2015-01-08,22.43,22.58,20.94,20.94
2015-01-09,20.86,22.36,20.86,21.29
2015-01-12,21.02,23.36,21.02,21.65
2015-01-13,20.71,23.96,20.18,22.42
2015-01-14,24.47,24.91,22.14,22.19
2015-01-15,22.52,25.29,22.34,24.3
2015-01-16,25.02,25.14,23.1,23.14
2015-01-20,23.89,24.81,22.97,23.37
2015-01-21,24.01,24.24,22.75,23.14
2015-01-22,22.35,23.72,20.2,20.26
2015-01-23,20.46,21.5,20.23,20.8
2015-01-26,21.52,22.36,19.7,19.73
2015-01-27,21.48,22.06,20.59,20.9
2015-01-28,20.68,23.47,20.68,23.26
2015-01-29,22.93,24.4,22.05,22.06
2015-01-30,23.02,24.67,21.41,24.37
2015-02-02,24.29,26.4,23.3,23.36
2015-02-03,22.87,22.92,21.54,21.63
2015-02-04,22.38,22.38,21.42,22.33
2015-02-05,21.83,21.92,20.95,21.33
2015-02-06,21.09,22.09,20.56,21.47
2015-02-09,22.68,22.68,21.72,22.08
2015-02-10,21.62,22.2,20.7,21.05
2015-02-11,21.21,21.68,20.63,20.85
2015-02-12,20.19,20.55,19.25,19.41
2015-02-13,19.34,19.42,18.04,18.3
2015-02-17,18.92,19.45,18.73,19.03
2015-02-18,19.31,19.69,18.49,18.56
2015-02-19,18.86,19.02,17.91,18.05
2015-02-20,18.33,19.02,17.09,17.36
2015-02-23,18.14,18.78,17.06,17.2
2015-02-24,17.23,17.47,16.67,16.8
2015-02-25,17.02,17.03,15.8,16.26
2015-02-26,16.32,16.77,16.0,16.26
2015-02-27,16.63,16.94,15.94,16.67
2015-03-02,17.48,17.5,16.04,16.27
2015-03-03,16.67,17.49,16.25,16.94
2015-03-04,17.44,18.2,17.18,17.28
2015-03-05,17.47,17.81,16.59,16.65
2015-03-06,17.3,18.23,16.82,17.85
2015-03-09,18.42,18.55,17.7,17.89
2015-03-10,19.42,19.53,18.51,19.06
2015-03-11,19.06,19.29,18.42,18.6
2015-03-12,18.1,18.5,17.58,17.69
2015-03-13,17.9,19.29,17.59,17.96
2015-03-16,17.7,18.14,17.48,17.71
2015-03-17,18.18,18.26,17.19,17.44
2015-03-18,17.94,18.86,15.88,16.22
2015-03-19,16.7,16.76,15.81,15.84
2015-03-20,15.57,15.59,14.61,15.0
2015-03-23,15.84,16.08,15.05,15.24
2015-03-24,15.41,15.69,14.88,15.52
2015-03-25,15.65,18.17,15.55,17.86
2015-03-26,18.67,19.36,17.6,18.17
2015-03-27,18.12,18.67,17.69,18.0
2015-03-30,17.9,17.9,17.05,17.31
2015-03-31,17.99,18.16,17.41,17.98
2015-04-01,18.18,19.49,17.45,17.53
2015-04-02,17.79,17.83,16.96,17.2
2015-04-06,18.57,18.64,17.12,17.12
2015-04-07,17.33,17.36,16.56,17.26
2015-04-08,17.23,17.23,15.86,16.21
2015-04-09,16.59,17.52,16.11,16.11
2015-04-10,15.88,16.01,15.4,15.46
2015-04-13,15.7,16.93,15.26,16.85
2015-04-14,16.79,17.76,16.16,16.33
2015-04-15,16.14,16.19,15.22,15.53
2015-04-16,15.92,16.18,15.3,15.33
2015-04-17,16.81,17.53,16.12,16.86
2015-04-20,17.04,17.08,15.8,16.3
2015-04-21,15.9,16.47,15.81,16.41
2015-04-22,16.52,17.33,15.97,16.02
2015-04-23,16.4,16.45,15.35,15.81
2015-04-24,15.79,16.13,15.72,15.87
2015-04-27,16.26,17.74,15.9,17.31
2015-04-28,17.23,18.72,16.87,17.06
2015-04-29,17.76,18.73,17.31,18.32
2015-04-30,18.74,20.29,18.48,19.42
2015-05-01,19.13,19.82,18.34,18.41
2015-05-04,18.87,18.87,17.66,17.91
2015-05-05,18.06,19.16,17.9,18.86
2015-05-06,18.71,20.14,18.51,19.05
2015-05-07,19.54,19.72,18.62,18.97
2015-05-08,18.0,18.0,17.18,17.53
2015-05-11,17.68,17.68,16.4,17.15
2015-05-12,17.85,18.4,16.71,17.11
2015-05-13,17.38,17.48,16.73,16.96
2015-05-14,16.55,16.77,15.58,15.85
2015-05-15,15.9,16.45,15.3,15.32
2015-05-18,16.35,16.41,15.26,15.55
2015-05-19,16.07,16.37,15.42,15.62
2015-05-20,15.46,16.22,15.04,15.3
2015-05-21,15.52,16.14,15.06,15.3
2015-05-22,15.18,15.67,14.93,15.25
2015-05-26,16.61,17.64,16.58,17.02
2015-05-27,17.08,17.43,15.6,15.77
2015-05-28,16.0,16.65,15.98,15.98
2015-05-29,16.03,17.2,15.97,16.56
2015-06-01,16.42,17.78,16.31,16.58
2015-06-02,17.15,17.38,15.87,16.63
2015-06-03,16.46,16.81,15.93,16.15
2015-06-04,16.81,17.81,16.66,17.23
2015-06-05,17.66,18.42,16.35,16.51
2015-06-08,17.14,17.59,17.05,17.59
2015-06-09,17.7,18.46,17.1,17.25
2015-06-10,16.9,17.08,15.97,16.12
2015-06-11,16.19,16.32,15.48,15.69
2015-06-12,15.88,16.6,15.88,16.13
2015-06-15,17.64,18.68,16.72,17.27
2015-06-16,17.29,17.78,16.77,16.88
2015-06-17,16.66,17.79,16.46,16.75
2015-06-18,16.34,16.41,15.16,15.78
2015-06-19,15.77,16.23,15.31,16.23
2015-06-22,16.19,16.25,14.84,14.93
2015-06-23,14.88,15.04,14.53,14.6
2015-06-24,14.97,15.74,14.81,15.68
2015-06-25,15.46,16.35,15.38,15.75
2015-06-26,15.88,17.08,15.69,16.18
2015-06-29,18.38,20.87,16.92,20.5
2015-06-30,19.71,20.9,19.21,20.06
2015-07-01,19.11,19.53,18.43,18.94
2015-07-02,18.49,20.2,18.39,19.92
2015-07-06,21.17,21.68,19.39,19.72
2015-07-07,19.92,22.21,19.38,19.4
2015-07-08,20.4,22.2,20.15,21.65
2015-07-09,20.33,21.75,20.21,21.73
2015-07-10,20.33,20.36,19.13,19.4
2015-07-13,17.63,18.06,15.67,15.95
2015-07-14,15.95,16.22,14.72,15.36
2015-07-15,15.74,15.83,15.01,15.53
2015-07-16,15.13,16.26,14.06,14.12
2015-07-17,14.3,15.19,14.25,14.46
2015-07-20,15.44,15.62,14.59,14.93
2015-07-21,15.5,15.91,14.75,15.35
2015-07-22,15.91,16.36,14.68,14.86
2015-07-23,14.85,16.44,14.69,16.1
2015-07-24,16.17,17.78,15.86,17.24
2015-07-27,18.52,19.52,17.73,18.92
2015-07-28,18.86,20.37,16.91,17.09
2015-07-29,17.6,17.64,15.72,16.05
2015-07-30,16.41,16.91,15.65,15.69
2015-07-31,15.56,15.75,14.63,15.39
2015-08-03,16.13,17.26,15.91,16.22
2015-08-04,16.26,16.52,15.77,16.43
2015-08-05,15.79,16.46,15.25,16.07
2015-08-06,15.96,18.56,15.96,17.67
2015-08-07,18.06,18.96,17.88,18.15
2015-08-10,18.27,18.27,17.18,17.4
2015-08-11,18.26,19.45,17.92,18.86
2015-08-12,20.0,21.51,18.64,18.79
2015-08-13,19.08,19.34,17.94,18.54
2015-08-14,18.28,19.07,17.88,18.04
2015-08-17,18.79,19.2,17.34,17.43
2015-08-18,17.6,18.25,17.51,18.12
2015-08-19,19.03,20.13,18.04,19.25
2015-08-20,20.43,22.87,20.09,22.81
2015-08-21,23.61,29.84,23.58,29.5
2015-08-24,29.5,46.66,29.5,39.63
2015-08-25,31.1,37.02,28.7,35.52
2015-08-26,30.81,34.03,28.98,29.53
2015-08-27,27.47,29.28,25.51,27.07
2015-08-28,27.35,28.11,26.38,26.74
2015-08-31,27.81,27.97,26.69,27.71
2015-09-01,30.37,31.71,29.37,30.75
2015-09-02,29.97,30.03,26.66,26.69
2015-09-03,26.32,27.04,25.1,26.6
2015-09-04,27.66,29.07,27.02,27.37
2015-09-08,25.77,26.69,25.13,25.21
2015-09-09,24.25,26.71,23.78,26.53
2015-09-10,27.2,27.2,25.28,25.6
2015-09-11,25.81,26.35,24.29,24.31
2015-09-14,24.95,25.98,24.95,25.68
2015-09-15,25.43,25.67,23.72,23.97
2015-09-16,23.96,24.27,22.6,22.62
2015-09-17,23.32,23.48,20.56,22.2
2015-09-18,22.88,24.75,22.66,23.7
2015-09-21,23.43,23.78,21.62,22.41
2015-09-22,24.63,25.13,24.03,24.17
2015-09-23,24.17,24.46,22.92,23.57
2015-09-24,24.83,25.47,23.72,23.74
2015-09-25,22.8,25.2,22.8,24.5
2015-09-28,25.42,28.52,25.42,27.54
2015-09-29,27.32,28.58,26.99,27.75
2015-09-30,26.0,26.6,25.3,25.44
2015-10-01,25.06,26.12,24.54,24.54
2015-10-02,25.33,26.19,23.07,23.13
2015-10-05,23.13,23.14,21.87,22.09
2015-10-06,22.22,23.43,21.89,22.54
2015-10-07,22.26,22.54,21.13,21.13
2015-10-08,21.46,21.79,20.17,20.27
2015-10-09,20.12,20.65,19.96,20.03
2015-10-12,19.85,20.12,18.44,18.53
2015-10-13,19.31,20.19,18.61,20.13
2015-10-14,20.21,20.9,19.41,20.64
2015-10-15,20.39,20.57,17.87,17.87
2015-10-16,18.01,18.87,17.73,18.01
2015-10-19,19.29,19.29,17.74,18.07
2015-10-20,18.41,18.89,17.95,18.38
2015-10-21,18.21,20.11,18.16,20.1
2015-10-22,19.61,19.97,18.31,18.32
2015-10-23,18.2,19.0,17.89,17.96
2015-10-26,18.84,19.5,18.81,19.01
2015-10-27,19.48,20.38,19.29,19.79
2015-10-28,19.57,19.8,17.61,18.25
2015-10-29,18.78,19.47,18.47,19.14
2015-10-30,19.2,19.47,18.75,19.31
2015-11-02,19.85,19.85,17.81,19.04
2015-11-03,19.15,19.32,18.44,19.11
2015-11-04,18.86,20.19,18.71,19.57
2015-11-05,19.49,20.93,19.3,19.41
2015-11-06,19.69,20.28,18.18,18.18
2015-11-09,19.18,20.53,19.18,20.25
2015-11-10,20.53,20.79,19.17,19.18
2015-11-11,19.23,19.86,19.02,19.72
2015-11-12,20.34,21.3,19.96,21.25
2015-11-13,21.77,23.29,21.52,23.15
2015-11-16,23.7,23.71,21.06,21.12
2015-11-17,21.01,21.53,19.9,21.19
2015-11-18,21.0,21.2,19.3,19.31
2015-11-19,19.43,19.68,19.13,19.28
2015-11-20,18.97,18.98,18.18,18.39
2015-11-23,19.26,19.26,17.84,18.07
2015-11-24,18.77,19.4,17.39,17.53
2015-11-25,17.66,17.75,16.72,16.79
2015-11-27,17.34,17.51,16.7,16.89
2015-11-30,17.27,18.51,17.26,18.18
2015-12-01,18.04,18.45,17.41,17.46
2015-12-02,17.69,18.72,17.47,18.06
2015-12-03,17.7,20.72,17.7,20.05
2015-12-04,19.88,19.92,17.46,17.46
2015-12-07,18.32,20.06,18.31,19.39
2015-12-08,20.15,20.82,19.49,20.39
2015-12-09,20.61,21.84,19.67,21.38
2015-12-10,21.53,21.53,20.11,20.59
2015-12-11,21.87,24.28,21.87,23.64
2015-12-14,24.2,25.67,23.56,23.78
2015-12-15,23.11,23.11,21.71,22.08
2015-12-16,21.3,22.48,19.96,20.0
2015-12-17,18.95,21.33,18.95,20.57
2015-12-18,20.24,21.19,20.21,20.9
2015-12-21,21.01,21.01,20.24,20.25
2015-12-22,20.37,20.37,18.6,18.71
2015-12-23,18.32,18.56,17.99,18.28
2015-12-24,18.12,18.5,17.71,18.48
2015-12-28,19.59,20.59,19.45,19.51
2015-12-29,19.09,19.33,18.3,18.32
2015-12-30,18.63,19.31,18.6,19.31
2015-12-31,19.5,20.81,19.47,20.61
2016-01-04,24.03,24.6,22.8,22.89
2016-01-05,22.92,23.13,21.81,21.82
2016-01-06,23.19,23.46,21.98,22.3
2016-01-07,24.27,26.23,23.15,25.99
2016-01-08,25.15,27.46,24.27,27.4
2016-01-11,26.67,28.11,25.5,25.7
2016-01-12,25.16,25.56,23.84,24.75
2016-01-13,24.46,28.66,24.08,27.33
2016-01-14,26.92,29.07,25.76,26.9
2016-01-15,29.93,32.72,29.26,29.65
2016-01-19,29.06,31.14,28.2,29.84
2016-01-20,31.75,34.5,29.61,30.2
2016-01-21,31.28,31.28,28.14,29.45
2016-01-22,27.82,27.82,25.12,25.24
2016-01-25,26.47,27.18,25.63,26.86
2016-01-26,26.58,27.02,25.55,25.76
2016-01-27,26.23,27.05,25.27,26.58
2016-01-28,25.77,27.0,25.55,26.15
2016-01-29,25.57,25.57,23.05,24.18
2016-02-01,25.21,25.9,24.18,24.81
2016-02-02,25.58,26.26,25.38,25.97
2016-02-03,25.49,28.04,25.48,26.01
2016-02-04,26.38,26.85,25.4,26.21
2016-02-05,26.32,28.82,26.26,28.53
2016-02-08,30.41,31.71,29.89,30.13
2016-02-09,31.47,32.21,30.5,31.13
2016-02-10,30.41,31.13,29.05,30.96
2016-02-11,32.91,33.56,31.84,32.3
2016-02-12,31.38,32.11,30.12,30.35
2016-02-16,30.2,30.71,28.32,28.65
2016-02-17,27.94,28.36,26.77,27.0
2016-02-18,26.78,27.59,25.78,26.05
2016-02-19,26.41,27.0,24.41,24.53
2016-02-22,24.68,24.93,23.26,23.56
2016-02-23,23.6,24.56,23.6,24.17
2016-02-24,25.14,25.73,23.68,23.89
2016-02-25,23.82,24.51,23.0,23.02
2016-02-26,22.52,22.99,22.25,22.7
2016-02-29,23.35,23.48,22.4,23.19
2016-03-01,22.55,23.15,20.92,20.93
2016-03-02,20.92,21.44,20.1,20.18
2016-03-03,20.19,20.9,19.89,19.89
2016-03-04,19.72,21.14,19.7,20.48
2016-03-07,21.4,21.58,20.45,20.46
2016-03-08,21.23,22.98,21.17,22.86
2016-03-09,22.52,23.11,22.11,22.23
2016-03-10,21.95,23.74,21.22,22.34
2016-03-11,21.33,21.48,20.25,20.25
2016-03-14,20.84,21.32,19.92,20.08
2016-03-15,20.86,21.17,20.43,21.04
2016-03-16,20.8,20.8,19.22,19.37
2016-03-17,19.61,20.24,17.9,18.83
2016-03-18,18.07,18.96,17.95,18.14
2016-03-21,18.96,19.45,18.53,18.55
2016-03-22,19.38,19.76,18.48,18.64
2016-03-23,18.96,20.1,18.9,19.99
2016-03-24,21.09,21.58,19.33,19.4
2016-03-28,20.41,20.93,19.59,19.81
2016-03-29,20.01,20.29,18.25,18.29
2016-03-30,18.18,18.67,17.95,18.15
2016-03-31,18.24,18.56,17.86,18.28
2016-04-01,19.52,19.58,17.74,17.88
2016-04-04,18.7,19.16,18.4,19.08
2016-04-05,20.36,20.49,19.52,20.13
2016-04-06,20.27,20.53,18.93,18.93
2016-04-07,19.83,21.38,19.29,20.51
2016-04-08,19.65,20.4,19.02,19.88
2016-04-11,18.69,19.58,18.19,19.38
2016-04-12,19.33,19.81,18.14,18.34
2016-04-13,18.11,18.18,16.45,17.14
2016-04-14,17.28,17.73,17.0,17.62
2016-04-15,17.86,18.25,17.3,17.41
2016-04-18,18.68,18.79,17.21,17.21
2016-04-19,17.18,18.02,16.91,17.24
2016-04-20,16.94,17.61,16.66,17.09
2016-04-21,17.38,17.91,17.12,17.33
2016-04-22,17.38,17.9,16.62,16.69
2016-04-25,18.03,18.57,17.54,17.62
2016-04-26,17.48,17.82,16.94,17.42
2016-04-27,17.78,18.56,16.95,17.36
2016-04-28,17.93,18.57,16.92,18.23
2016-04-29,18.77,20.25,18.52,19.1
2016-05-02,19.5,20.0,18.34,18.37
2016-05-03,19.59,20.87,19.13,19.89
2016-05-04,20.42,21.08,19.62,19.9
2016-05-05,19.49,20.21,19.46,20.0
2016-05-06,20.09,20.24,18.72,18.72
2016-05-09,19.49,19.57,18.41,19.03
2016-05-10,18.59,18.84,17.76,18.11
2016-05-11,18.23,18.82,17.11,18.82
2016-05-12,18.35,19.66,18.23,18.99
2016-05-13,19.2,19.42,18.19,19.07
2016-05-16,19.38,19.38,18.19,18.29
2016-05-17,18.62,20.41,18.06,19.83
2016-05-18,20.0,21.52,19.1,19.78
2016-05-19,20.71,21.55,19.97,20.1
2016-05-20,19.95,19.95,18.33,18.4
2016-05-23,19.3,19.49,18.61,19.13
2016-05-24,18.59,18.66,17.67,17.87
2016-05-25,17.77,17.95,17.29,17.73
2016-05-26,17.61,18.08,17.35,17.35
2016-05-27,17.38,17.38,16.61,16.65
2016-05-31,17.56,18.61,17.46,18.05
2016-06-01,18.5,18.9,17.75,17.77
2016-06-02,18.25,18.44,17.26,17.32
2016-06-03,17.83,18.43,17.25,17.42
2016-06-06,18.11,18.3,17.31,17.32
2016-06-07,17.35,17.71,17.26,17.51
2016-06-08,17.49,17.82,17.28,17.51
2016-06-09,18.06,18.47,17.92,18.18
2016-06-10,19.44,20.51,19.21,20.19
2016-06-13,20.94,23.47,20.94,23.47
2016-06-14,24.09,24.73,22.95,23.02
2016-06-15,22.74,23.08,20.31,22.55
2016-06-16,23.88,25.04,22.04,22.18
2016-06-17,22.36,23.14,21.57,22.45
2016-06-20,20.74,22.24,20.14,22.06
2016-06-21,21.71,22.96,21.63,22.26
2016-06-22,22.09,24.28,21.0,24.23
2016-06-23,21.74,22.38,20.61,21.02
2016-06-24,26.63,27.44,22.77,27.13
2016-06-27,27.37,30.03,26.93,27.83
2016-06-28,25.39,25.39,23.32,23.4
2016-06-29,22.12,22.45,20.98,21.79
2016-06-30,21.23,22.05,20.36,20.36
2016-07-01,19.93,20.41,19.69,19.8
2016-07-05,21.23,22.37,21.23,21.66
2016-07-06,22.56,22.88,20.65,20.67
2016-07-07,20.38,21.38,19.91,20.28
2016-07-08,18.99,19.4,18.33,18.46
2016-07-11,17.62,18.44,16.93,17.39
2016-07-12,16.67,17.37,16.64,17.1
2016-07-13,16.75,17.75,16.75,17.06
2016-07-14,16.99,17.86,16.95,17.41
2016-07-15,16.62,17.37,16.15,16.4
2016-07-18,16.78,17.38,16.64,16.7
2016-07-19,16.84,17.46,16.78,16.95
2016-07-20,16.39,17.19,16.21,16.32
2016-07-21,16.5,17.8,16.26,17.21
2016-07-22,16.74,17.22,16.35,16.52
2016-07-25,17.47,18.28,17.34,17.7
2016-07-26,17.82,18.32,17.39,17.77
2016-07-27,17.24,18.65,17.24,17.4
2016-07-28,17.67,18.1,17.29,17.54
2016-07-29,17.11,17.88,16.37,16.43
2016-08-01,16.97,18.02,16.62,16.97
2016-08-02,17.21,18.71,17.21,18.18
2016-08-03,18.4,18.72,17.57,17.6
2016-08-04,17.42,17.92,16.98,17.22
2016-08-05,16.43,16.52,15.84,16.14
2016-08-08,16.64,16.91,16.35,16.39
2016-08-09,16.26,16.56,15.97,16.34
2016-08-10,16.3,17.47,16.26,16.95
2016-08-11,16.45,16.85,16.22,16.22
2016-08-12,16.52,16.52,15.54,15.6
2016-08-15,15.22,15.5,15.08,15.31
2016-08-16,15.89,16.62,15.86,16.45
2016-08-17,16.47,17.63,16.43,16.47
2016-08-18,16.43,16.72,15.81,15.88
2016-08-19,16.32,16.64,15.3,15.53
2016-08-22,16.8,17.19,16.23,16.41
2016-08-23,16.04,16.32,15.86,16.2
2016-08-24,16.36,18.03,16.35,17.47
2016-08-25,17.71,18.04,17.11,17.5
2016-08-26,17.37,18.88,16.26,17.65
2016-08-29,18.14,18.44,17.19,17.38
2016-08-30,17.12,17.99,17.12,17.46
2016-08-31,17.64,19.0,17.18,18.03
2016-09-01,17.92,19.42,17.11,18.02
2016-09-02,16.95,17.44,16.05,16.47
2016-09-06,17.14,18.3,17.14,17.28
2016-09-07,17.38,17.64,16.8,16.89
2016-09-08,16.91,17.85,16.89,17.25
2016-09-09,18.04,21.31,18.04,21.28
2016-09-12,21.56,21.78,18.51,18.7
2016-09-13,19.54,22.49,19.54,21.35
2016-09-14,20.84,22.01,19.66,21.19
2016-09-15,20.95,21.17,19.25,19.79
2016-09-16,19.94,20.81,18.4,18.51
2016-09-19,18.33,19.46,17.17,18.91
2016-09-20,18.4,20.1,18.39,19.89
2016-09-21,19.06,20.36,17.13,17.77
2016-09-22,16.57,16.97,16.04,16.26
2016-09-23,16.34,17.09,16.27,16.93
2016-09-26,18.54,19.2,18.4,19.2
2016-09-27,19.13,19.18,17.79,17.88
2016-09-28,17.72,18.78,17.22,17.37
2016-09-29,17.43,20.07,17.17,19.07
2016-09-30,18.45,19.18,17.5,18.29
2016-10-03,18.96,19.67,17.6,18.73
2016-10-04,18.33,20.03,17.32,19.1
2016-10-05,18.69,19.15,17.25,19.04
2016-10-06,19.21,19.98,18.73,18.92
2016-10-07,18.54,20.36,18.54,19.67
2016-10-10,18.68,18.92,18.47,18.47
2016-10-11,18.79,21.4,18.79,20.16
2016-10-12,20.12,20.75,19.76,20.53
2016-10-13,21.03,22.21,20.69,21.2
2016-10-14,20.38,21.34,19.98,20.87
2016-10-17,21.3,22.1,20.89,20.89
2016-10-18,20.27,20.61,19.55,19.85
2016-10-19,19.43,20.03,18.64,19.27
2016-10-20,19.89,19.89,18.46,18.51
2016-10-21,19.45,19.59,17.88,17.93
2016-10-24,17.67,18.11,16.38,17.94
2016-10-25,18.12,19.2,18.09,18.67
2016-10-26,19.27,20.28,19.25,19.63
2016-10-27,19.29,20.82,19.29,20.82
2016-10-28,20.33,23.23,20.05,21.44
2016-10-31,21.71,22.35,21.66,21.66
2016-11-01,21.59,24.96,21.54,23.2
2016-11-02,23.38,24.55,23.08,23.79
2016-11-03,23.32,25.65,23.13,24.97
2016-11-04,24.72,25.41,24.03,25.38
2016-11-07,23.52,23.52,21.97,22.25
2016-11-08,22.51,23.23,21.39,22.08
2016-11-09,20.65,20.7,18.9,19.12
2016-11-10,17.85,21.13,17.85,19.48
2016-11-11,19.65,20.65,19.33,19.68
2016-11-14,20.12,22.78,19.54,19.88
2016-11-15,20.14,20.14,18.3,18.49
2016-11-16,18.91,19.32,18.57,19.11
2016-11-17,18.74,19.77,18.52,18.86
2016-11-18,18.79,18.83,17.97,18.12
2016-11-21,18.55,19.13,17.98,18.0
2016-11-22,17.89,18.57,17.8,17.97
2016-11-23,18.16,19.21,17.84,17.9
2016-11-25,18.27,18.4,17.93,18.13
2016-11-28,18.92,19.27,18.69,19.18
2016-11-29,19.26,19.89,18.92,19.25
2016-11-30,19.06,19.37,18.38,19.02
2016-12-01,19.01,19.65,18.53,19.04
2016-12-02,19.14,19.49,18.72,18.91
2016-12-05,18.53,18.6,17.67,17.67
2016-12-06,17.74,18.09,17.09,17.4
2016-12-07,17.53,17.77,17.19,17.41
2016-12-08,17.43,19.17,17.36,17.83
2016-12-09,17.8,18.37,17.03,17.94
2016-12-12,17.17,18.77,17.12,17.96
2016-12-13,17.74,19.08,17.74,18.25
2016-12-14,18.61,19.28,17.38,18.24
2016-12-15,18.47,18.5,17.34,17.68
2016-12-16,17.73,17.73,16.21,16.24
2016-12-19,17.26,17.27,16.22,16.22
2016-12-20,16.53,16.93,16.23,16.67
2016-12-21,16.9,16.98,16.57,16.81
2016-12-22,17.02,17.62,16.75,17.3
2016-12-23,17.19,17.4,16.74,16.77
2016-12-27,17.84,17.91,17.26,17.45
2016-12-28,17.43,18.87,17.43,18.69
2016-12-29,18.61,19.65,18.5,19.02
2016-12-30,19.06,19.73,19.0,19.42
2017-01-03,19.69,20.06,18.94,19.06
2017-01-04,18.97,18.97,17.95,18.1
2017-01-05,18.11,18.73,18.05,18.26
2017-01-06,18.04,18.4,17.46,17.52
2017-01-09,18.3,18.54,17.74,18.02
2017-01-10,18.1,18.16,17.15,17.2
2017-01-11,17.37,18.02,16.99,17.05
2017-01-12,17.37,19.1,17.37,18.08
2017-01-13,17.51,17.88,17.13,17.27
2017-01-17,18.57,19.02,17.98,18.77
2017-01-18,19.22,19.41,18.12,18.13
2017-01-19,18.0,18.89,17.99,18.49
2017-01-20,18.33,18.6,16.96,16.96
2017-01-23,17.88,18.3,17.38,17.64
2017-01-24,17.43,17.54,16.98,17.06
2017-01-25,17.06,17.06,16.52,16.7
2017-01-26,16.78,17.18,16.42,16.42
2017-01-27,16.55,16.78,16.14,16.58
2017-01-30,17.49,18.91,17.49,18.4
2017-01-31,18.61,19.29,18.07,18.7
2017-02-01,18.07,18.78,17.4,18.19
2017-02-02,18.33,18.76,17.75,18.56
2017-02-03,17.81,18.07,16.94,17.06
2017-02-06,17.99,18.24,17.67,18.09
2017-02-07,18.05,19.07,17.98,18.55
2017-02-08,19.15,19.46,18.36,18.67
2017-02-09,18.42,18.46,17.61,17.99
2017-02-10,17.83,17.99,17.45,17.91
2017-02-13,18.24,18.24,17.69,17.73
2017-02-14,18.02,18.1,16.67,16.68
2017-02-15,17.22,17.23,16.16,16.63
2017-02-16,16.95,18.02,16.56,16.6
2017-02-17,17.13,17.43,15.76,16.17
2017-02-21,16.7,16.84,16.29,16.49
2017-02-22,16.68,16.95,16.36,16.55
2017-02-23,16.42,17.88,16.42,17.15
2017-02-24,18.07,18.24,16.75,16.9
2017-02-27,17.83,17.97,17.24,17.32
2017-02-28,17.74,19.04,17.72,19.03
2017-03-01,17.65,18.11,17.02,17.9
2017-03-02,18.08,18.31,16.75,17.36
2017-03-03,17.24,17.51,16.57,16.69
2017-03-06,17.51,17.84,17.16,17.4
2017-03-07,17.46,17.6,16.6,16.9
2017-03-08,16.69,17.31,16.56,17.31
2017-03-09,17.23,17.95,16.75,17.51
2017-03-10,17.0,17.31,16.26,16.47
2017-03-13,15.22,15.6,15.11,15.34
2017-03-14,15.73,17.14,15.72,15.82
2017-03-15,15.54,15.95,12.5,15.24
2017-03-16,15.01,15.13,14.61,14.64
2017-03-17,14.73,15.14,13.15,14.14
2017-03-20,15.28,15.43,14.68,14.96
2017-03-21,14.82,17.91,14.77,17.76
2017-03-22,18.21,18.83,17.11,18.04
2017-03-23,18.07,18.27,16.92,18.22
2017-03-24,17.78,19.26,15.85,18.38
2017-03-27,19.66,19.95,17.84,17.98
2017-03-28,18.32,18.32,16.8,16.89
2017-03-29,16.92,17.04,16.12,16.34
2017-03-30,16.31,16.42,15.69,15.84
2017-03-31,15.81,16.17,15.32,16.16
2017-04-03,16.54,18.14,16.5,17.38
2017-04-04,17.49,17.63,16.27,17.26
2017-04-05,16.75,18.78,15.27,18.76
2017-04-06,18.1,18.5,17.71,17.84
2017-04-07,18.46,19.03,17.15,17.87
2017-04-10,18.47,19.36,17.99,18.87
2017-04-11,19.13,20.16,18.31,18.73
2017-04-12,18.96,20.16,18.0,20.14
2017-04-13,20.22,20.54,18.85,20.11
2017-04-17,20.92,20.92,19.22,19.49
2017-04-18,19.73,20.76,19.6,19.97
2017-04-19,19.55,20.07,18.27,19.75
2017-04-20,19.3,19.31,17.72,18.02
2017-04-21,17.95,18.91,17.41,18.18
2017-04-24,16.51,17.33,15.82,16.12
2017-04-25,15.47,16.38,14.78,15.86
2017-04-26,15.82,16.42,15.58,15.92
2017-04-27,15.63,15.77,15.24,15.46
2017-04-28,15.35,15.42,14.04,15.34
2017-05-01,15.82,16.06,14.89,15.35
2017-05-02,15.46,15.7,15.4,15.48
2017-05-03,15.81,16.36,14.38,15.73
2017-05-04,15.63,16.25,15.04,15.73
2017-05-05,15.54,15.86,15.36,15.36
2017-05-08,15.85,15.85,15.28,15.34
2017-05-09,15.17,15.68,14.99,15.5
2017-05-10,15.45,15.74,14.72,15.06
2017-05-11,15.32,16.2,15.26,15.59
2017-05-12,15.74,16.11,15.74,15.78
2017-05-15,15.93,15.95,15.1,15.61
2017-05-16,15.65,15.76,15.0,15.37
2017-05-17,16.7,19.22,16.69,19.22
2017-05-18,19.65,19.65,18.38,18.74
2017-05-19,18.22,18.22,16.18,16.85
2017-05-22,17.29,17.29,16.01,16.06
2017-05-23,15.97,16.3,15.69,15.78
2017-05-24,15.84,15.87,14.07,15.11
2017-05-25,14.96,15.51,14.92,15.08
2017-05-26,15.17,15.71,14.76,14.79
2017-05-30,15.78,16.17,15.7,15.8
2017-05-31,15.59,16.63,15.11,15.91
2017-06-01,15.85,16.16,15.48,15.54
2017-06-02,15.28,16.04,15.01,15.07
2017-06-05,15.61,15.96,15.35,15.96
2017-06-06,16.19,16.51,15.84,16.18
2017-06-07,16.14,16.52,15.14,16.14
2017-06-08,15.98,16.29,15.37,15.48
2017-06-09,15.23,16.52,14.86,15.83
2017-06-12,15.58,16.72,15.48,15.48
2017-06-13,15.35,15.63,14.33,14.33
2017-06-14,14.67,15.04,13.49,14.96
2017-06-15,15.17,15.5,14.73,15.01
2017-06-16,15.25,15.65,13.94,14.06
2017-06-19,14.37,14.61,13.6,13.89
2017-06-20,14.03,15.03,14.01,14.76
2017-06-21,14.65,15.29,14.07,15.17
2017-06-22,15.02,15.72,14.59,14.72
2017-06-23,14.61,14.93,14.2,14.31
2017-06-26,14.68,14.97,14.31,14.6
2017-06-27,14.62,15.38,14.09,15.28
2017-06-28,14.91,15.28,14.3,14.31
2017-06-29,14.33,17.46,14.29,15.15
2017-06-30,15.05,15.74,14.83,15.2
2017-07-03,15.41,15.48,14.62,15.21
2017-07-05,15.62,16.31,15.4,15.52
2017-07-06,16.2,17.4,15.66,17.3
2017-07-07,16.89,16.98,15.73,15.81
2017-07-10,16.9,17.08,15.36,15.82
2017-07-11,16.03,16.5,15.47,15.73
2017-07-12,15.31,15.62,14.65,14.81
2017-07-13,14.85,15.25,14.4,14.41
2017-07-14,14.45,14.52,13.54,14.0
2017-07-17,14.39,14.53,13.78,13.88
2017-07-18,14.33,14.5,13.86,13.9
2017-07-19,13.67,14.51,12.3,13.22
2017-07-20,13.37,13.89,13.22,13.67
2017-07-21,13.71,14.34,13.61,13.85
2017-07-24,14.51,14.62,13.92,14.02
2017-07-25,13.77,13.94,12.51,13.81
2017-07-26,13.88,14.29,12.61,14.06
2017-07-27,14.01,15.56,14.01,15.22
2017-07-28,15.39,15.88,14.36,15.3
2017-07-31,15.53,16.37,14.89,15.48
2017-08-01,15.2,15.94,14.78,14.83
2017-08-02,15.21,16.46,14.23,15.61
2017-08-03,15.62,15.87,14.73,15.51
2017-08-04,15.53,15.57,14.48,14.63
2017-08-07,15.33,15.36,14.68,14.7
2017-08-08,14.68,15.67,14.09,15.67
2017-08-09,16.55,17.5,15.42,16.53
2017-08-10,17.28,19.2,17.26,19.2
2017-08-11,18.99,19.97,18.83,19.59
2017-08-14,18.83,18.83,16.34,16.46
2017-08-15,16.56,16.88,15.47,15.86
2017-08-16,15.67,16.43,15.18,16.06
2017-08-17,16.35,18.9,16.0,18.76
2017-08-18,18.92,19.33,17.61,17.76
2017-08-21,18.09,18.59,17.55,17.61
2017-08-22,17.47,17.49,16.05,16.17
2017-08-23,16.79,16.88,15.76,16.52
2017-08-24,16.21,16.76,16.0,16.3
2017-08-25,16.28,16.58,15.46,15.68
2017-08-28,16.06,16.36,15.74,15.81
2017-08-29,17.29,17.92,15.95,16.07
2017-08-30,16.11,16.4,15.13,15.19
2017-08-31,14.96,15.28,14.54,14.85
2017-09-01,14.7,15.01,14.18,14.31
2017-09-05,15.0,16.8,15.0,16.18
2017-09-06,15.68,16.46,15.48,15.96
2017-09-07,15.69,16.03,15.39,15.71
2017-09-08,15.88,16.24,15.35,15.49
2017-09-11,14.37,14.37,12.73,12.98
2017-09-12,13.24,15.6,12.91,13.28
2017-09-13,13.48,13.67,12.62,12.65
2017-09-14,12.71,13.07,12.5,12.69
2017-09-15,12.79,13.04,11.41,11.83
2017-09-18,12.38,12.9,11.47,12.14
2017-09-19,12.03,12.59,12.03,12.35
2017-09-20,12.78,13.69,11.45,13.02
2017-09-21,13.04,13.27,12.37,12.65
2017-09-22,12.8,13.18,12.24,12.68
2017-09-25,13.34,14.56,13.07,13.34
2017-09-26,13.42,13.55,12.02,13.29
2017-09-27,12.75,14.59,11.97,13.55
2017-09-28,13.75,13.92,13.55,13.58
2017-09-29,13.71,14.42,12.55,14.02
2017-10-02,14.58,15.26,13.33,14.58
2017-10-03,14.67,14.83,13.97,13.97
2017-10-04,14.25,14.63,13.71,14.25
2017-10-05,14.32,14.51,13.44,14.11
2017-10-06,14.41,15.1,14.34,14.55
2017-10-09,15.06,15.4,14.76,15.0
2017-10-10,14.96,15.41,14.82,14.92
2017-10-11,14.9,15.16,14.53,14.6
2017-10-12,14.73,14.99,13.32,14.46
2017-10-13,14.38,15.24,13.07,14.63
2017-10-16,14.94,15.02,14.2,14.28
2017-10-17,14.29,14.87,12.85,14.1
2017-10-18,13.95,14.99,13.13,13.71
2017-10-19,14.54,14.6,13.27,13.83
2017-10-20,13.27,13.75,13.27,13.49
2017-10-23,14.17,15.03,13.99,14.98
2017-10-24,14.85,15.47,14.72,15.37
2017-10-25,15.63,17.55,15.37,16.2
2017-10-26,15.91,16.27,14.01,15.74
2017-10-27,15.93,16.02,13.1,14.41
2017-10-30,15.47,16.39,15.17,15.77
2017-10-31,15.52,16.0,15.19,15.88
2017-11-01,15.49,16.19,13.61,15.92
2017-11-02,16.0,16.19,14.57,15.58
2017-11-03,15.61,15.79,13.76,14.97
2017-11-06,15.37,15.57,14.64,14.78
2017-11-07,14.81,15.78,12.92,15.7
2017-11-08,15.83,16.26,14.92,15.54
2017-11-09,16.08,17.71,14.47,15.5
2017-11-10,15.6,16.06,15.36,15.49
2017-11-13,16.23,16.52,14.71,15.52
2017-11-14,15.89,16.68,14.82,15.92
2017-11-15,16.72,17.42,15.88,16.44
2017-11-16,16.01,16.01,14.96,15.33
2017-11-17,15.61,15.72,13.61,14.8
2017-11-20,15.25,15.48,14.83,15.31
2017-11-21,15.09,15.38,14.41,14.79
2017-11-22,14.79,15.48,13.81,15.44
2017-11-24,15.5,15.64,14.36,15.27
2017-11-27,15.7,16.11,15.3,15.56
2017-11-28,15.38,16.03,14.59,15.34
2017-11-29,15.29,16.71,15.01,16.24
2017-11-30,15.93,17.74,14.75,16.3
2017-12-01,16.56,19.62,15.1,17.67
2017-12-04,16.88,18.65,16.27,18.18
2017-12-05,17.94,18.73,16.85,17.9
2017-12-06,17.88,18.45,16.89,17.84
2017-12-07,18.03,18.09,16.7,17.01
2017-12-08,16.39,16.95,15.27,16.05
2017-12-11,15.61,15.77,13.95,14.41
2017-12-12,14.48,14.81,13.76,14.4
2017-12-13,14.59,14.6,12.14,14.3
2017-12-14,14.3,15.19,13.34,15.02
2017-12-15,14.36,15.0,13.37,13.72
2017-12-18,14.03,14.46,12.52,14.15
2017-12-19,14.01,15.21,13.77,15.05
2017-12-20,14.56,15.04,13.79,14.94
2017-12-21,14.85,14.94,13.92,14.31
2017-12-22,14.55,15.19,12.96,14.18
2017-12-26,15.0,15.26,13.79,14.48
2017-12-27,14.64,14.92,13.53,14.56
2017-12-28,14.79,14.94,13.73,14.1
2017-12-29,14.07,15.24,13.41,14.99
2018-01-02,15.22,15.57,13.15,13.97
2018-01-03,13.97,14.17,13.28,13.5
2018-01-04,13.53,14.04,13.4,13.73
2018-01-05,13.75,13.99,13.47,13.77
2018-01-08,14.45,14.78,13.41,13.75
2018-01-09,13.5,14.21,13.37,13.89
2018-01-10,13.86,14.87,13.57,13.8
2018-01-11,13.94,14.54,13.47,13.83
2018-01-12,13.49,14.68,13.41,13.87
2018-01-16,14.33,15.99,13.63,15.04
2018-01-17,15.33,16.34,14.18,15.28
2018-01-18,15.88,16.58,15.33,16.07
2018-01-19,15.93,16.72,14.18,15.3
2018-01-22,15.85,16.34,15.35,15.51
2018-01-23,16.03,16.57,15.52,16.05
2018-01-24,16.1,17.31,15.08,16.33
2018-01-25,16.45,17.36,15.56,16.54
2018-01-26,16.28,17.0,16.07,16.14
2018-01-29,16.43,18.4,16.43,18.4
2018-01-30,18.49,19.56,16.82,18.38
2018-01-31,18.0,18.75,15.62,17.88
2018-02-01,18.31,18.36,16.31,17.11
2018-02-02,17.81,20.06,16.9,19.89
2018-02-05,21.36,34.49,19.27,34.49
2018-02-06,35.11,36.29,21.06,23.96
2018-02-07,24.38,24.87,19.42,22.36
2018-02-08,20.74,30.82,20.67,27.9
2018-02-09,26.35,34.79,25.45,27.85
2018-02-12,27.61,28.48,19.32,21.63
2018-02-13,22.16,23.18,20.21,20.21
2018-02-14,21.3,21.3,18.52,18.94
2018-02-15,18.3,20.66,18.11,18.29
2018-02-16,18.82,19.83,17.67,17.96
2018-02-20,19.21,20.7,18.7,19.74
2018-02-21,19.8,20.7,16.22,20.47
2018-02-22,19.87,20.21,18.08,19.2
2018-02-23,19.12,19.77,17.83,17.86
2018-02-26,18.34,18.71,16.85,17.2
2018-02-27,17.48,19.88,16.88,19.74
2018-02-28,19.39,22.27,17.33,21.85
2018-03-01,22.21,25.63,21.14,22.76
2018-03-02,25.19,25.62,20.43,20.83
2018-03-05,21.25,22.57,18.97,19.77
2018-03-06,19.28,20.56,18.74,19.33
2018-03-07,20.23,20.81,18.61,19.27
2018-03-08,18.88,19.82,18.32,18.66
2018-03-09,18.23,18.54,14.4,16.58
2018-03-12,16.27,17.3,14.49,15.98
2018-03-13,15.84,17.44,13.7,16.71
2018-03-14,16.54,18.04,14.59,17.75
2018-03-15,17.27,18.68,16.97,18.09
2018-03-16,18.2,18.24,13.31,16.49
2018-03-19,17.95,22.18,17.14,19.74
2018-03-20,19.78,19.78,18.49,18.76
2018-03-21,18.98,19.2,14.98,18.17
2018-03-22,19.47,22.54,19.33,21.92
2018-03-23,21.88,27.06,21.24,25.32
2018-03-26,24.41,25.12,21.32,21.32
2018-03-27,21.53,24.03,20.45,22.62
2018-03-28,23.37,25.08,20.54,23.07
2018-03-29,22.5,22.61,20.13,21.03
2018-04-02,22.65,25.59,21.71,24.25
2018-04-03,23.88,25.09,22.0,22.31
2018-04-04,24.04,24.16,20.65,20.83
2018-04-05,20.95,21.07,19.41,19.95
2018-04-06,21.05,23.11,19.68,21.63
2018-04-09,21.24,21.94,20.22,21.44
2018-04-10,20.58,21.01,18.13,19.55
2018-04-11,20.58,20.64,19.33,19.76
2018-04-12,19.52,19.57,17.95,18.05
2018-04-13,17.82,18.06,16.16,17.68
2018-04-16,17.72,17.78,15.45,16.12
2018-04-17,15.9,15.98,13.22,15.65
2018-04-18,15.92,16.62,14.78,15.98
2018-04-19,16.51,18.14,14.78,17.35
2018-04-20,17.61,18.41,16.97,17.35
2018-04-23,17.86,18.3,15.75,16.98
2018-04-24,16.71,19.17,16.29,18.16
2018-04-25,18.36,19.66,16.63,17.93
2018-04-26,17.99,18.32,16.51,16.77
2018-04-27,17.0,17.44,14.07,15.7
2018-04-30,16.49,16.54,14.61,16.45
2018-05-01,16.71,17.35,14.67,16.19
2018-05-02,16.53,16.53,13.83,16.37
2018-05-03,16.55,18.26,15.96,16.45
2018-05-04,17.01,17.28,15.49,15.6
2018-05-07,16.08,16.09,15.32,15.68
2018-05-08,15.98,16.23,13.35,15.42
2018-05-09,15.51,15.72,14.4,14.99
2018-05-10,15.12,15.12,14.15,14.71
2018-05-11,14.87,14.89,13.97,14.25
2018-05-14,14.63,14.85,14.25,14.74
2018-05-15,14.95,15.73,13.75,14.87
2018-05-16,14.84,15.23,14.08,14.63
2018-05-17,14.69,14.92,13.86,14.33
2018-05-18,14.37,14.9,14.18,14.44
2018-05-21,14.66,14.93,13.92,14.32
2018-05-22,14.45,15.17,14.08,14.73
2018-05-23,15.41,15.7,14.24,14.33
2018-05-24,14.4,15.33,13.74,14.25
2018-05-25,14.51,14.91,13.63,14.64
2018-05-29,16.12,17.55,15.71,16.79
2018-05-30,16.39,16.39,14.36,15.39
2018-05-31,15.44,16.46,14.27,16.17
2018-06-01,15.21,15.71,14.59,14.84
2018-06-04,15.37,15.64,13.92,14.68
2018-06-05,14.78,15.14,14.37,14.53
2018-06-06,14.56,14.74,12.96,14.17
2018-06-07,14.34,15.4,14.19,14.63
2018-06-08,14.85,15.17,12.8,14.52
2018-06-11,14.21,14.21,13.26,13.26
2018-06-12,13.54,13.67,11.27,13.42
2018-06-13,13.46,13.56,10.32,13.52
2018-06-14,13.35,13.55,12.77,12.93
2018-06-15,13.13,14.11,11.4,13.41
2018-06-18,14.58,14.95,13.96,14.07
2018-06-19,15.18,15.93,14.48,14.62
2018-06-20,14.12,15.0,14.07,14.78
2018-06-21,15.14,17.04,14.47,16.89
2018-06-22,16.11,16.82,15.43,16.15
2018-06-25,17.37,19.83,17.34,19.01
2018-06-26,18.86,19.07,17.01,17.75
2018-06-27,17.96,20.04,17.31,19.96
2018-06-28,19.64,20.54,18.76,19.21
2018-06-29,18.99,18.99,16.98,17.69
2018-07-02,19.12,19.5,17.75,17.77
2018-07-03,17.63,17.82,17.17,17.51
2018-07-05,17.37,18.06,16.68,16.88
2018-07-11,16.07,16.37,15.45,15.89
2018-07-12,15.54,16.19,15.13,15.43
2018-07-13,15.45,15.78,13.83,14.76
2018-07-16,14.99,15.46,14.74,14.99
2018-07-17,15.25,15.27,13.9,14.03
2018-07-18,14.27,14.63,13.77,13.86
2018-07-19,14.15,14.63,13.92,14.19
2018-07-20,14.46,14.69,13.81,14.02
2018-07-23,14.63,14.98,12.78,14.31
2018-07-24,14.03,15.98,13.85,15.62
2018-07-25,15.78,16.04,14.03,14.8
2018-07-26,14.93,15.04,13.47,14.28
2018-07-27,14.47,16.78,14.34,16.56
2018-07-30,16.79,17.68,16.35,17.49
2018-07-31,17.0,17.34,15.44,16.06
2018-08-01,16.47,17.13,15.14,16.33
2018-08-02,16.91,17.07,14.82,15.01
2018-08-03,15.05,15.22,14.83,15.13
2018-08-06,15.67,15.85,14.42,14.44
2018-08-07,14.36,14.41,13.77,13.79
2018-08-08,14.08,14.54,12.58,13.78
2018-08-09,13.8,14.03,13.29,13.91
2018-08-10,14.68,15.05,13.83,14.77
2018-08-13,14.67,15.77,13.97,15.22
2018-08-14,15.03,15.03,13.92,14.24
2018-08-15,15.39,17.91,15.39,16.08
2018-08-16,15.48,15.58,14.09,14.47
2018-08-17,14.85,15.14,13.91,14.3
2018-08-20,14.83,15.01,14.27,14.64
2018-08-21,14.48,14.71,13.88,14.34
2018-08-22,14.55,14.97,13.94,14.34
2018-08-23,14.44,14.8,14.09,14.58
2018-08-24,14.44,14.52,13.68,13.86
2018-08-27,14.52,14.6,13.97,14.09
2018-08-28,14.25,14.55,14.01,14.38
2018-08-29,14.47,14.8,14.22,14.38
2018-08-30,14.7,15.0,14.06,14.61
2018-08-31,14.86,14.91,14.35,14.43
2018-09-04,15.45,16.01,15.03,15.07
2018-09-05,15.42,16.15,15.25,15.43
2018-09-06,15.46,16.7,15.1,16.25
2018-09-07,16.72,17.04,15.67,15.67
2018-09-10,15.94,16.06,15.47,15.65
2018-09-11,16.19,16.35,14.98,15.08
2018-09-12,15.33,15.92,12.99,14.87
2018-09-13,14.69,15.23,14.31,14.46
2018-09-14,14.37,14.65,11.95,13.64
2018-09-17,14.05,15.1,13.96,14.95
2018-09-18,14.85,15.31,14.05,14.18
2018-09-19,14.32,14.79,13.74,14.2
2018-09-20,13.99,14.29,13.25,13.4
2018-09-21,13.63,15.95,11.76,13.84
2018-09-24,14.81,15.52,13.27,14.96
2018-09-25,14.64,15.01,14.26,14.49
2018-09-26,14.55,15.5,12.83,15.18
2018-09-27,15.1,15.34,13.82,14.86
2018-09-28,15.19,15.31,12.92,14.36
2018-10-01,15.0,16.39,14.72,15.96
2018-10-02,16.05,17.24,16.05,17.11
2018-10-03,16.87,16.99,15.67,15.86
2018-10-04,16.46,19.23,16.46,18.36
2018-10-05,18.09,21.29,17.56,19.59
2018-10-08,20.86,21.36,19.46,19.6
2018-10-09,19.97,20.23,17.95,19.36
2018-10-10,19.79,26.52,17.48,23.99
2018-10-11,23.46,26.43,21.57,23.49
2018-10-12,23.91,26.5,22.42,23.32
2018-10-15,23.42,24.68,21.56,23.09
2018-10-16,22.42,22.73,19.74,20.29
2018-10-17,20.75,22.09,18.34,20.51
2018-10-18,20.54,23.44,20.37,22.95
2018-10-19,22.92,24.27,21.03,23.53
2018-10-22,23.79,25.0,23.06,23.48
2018-10-23,25.17,26.74,23.0,24.08
2018-10-24,24.42,28.8,23.8,27.97
2018-10-25,27.65,27.99,25.0,26.52
2018-10-26,28.21,31.01,26.94,28.64
2018-10-29,27.77,31.79,26.49,29.36
2018-10-30,29.62,30.07,26.84,28.35
2018-10-31,27.61,27.61,25.05,26.62
2018-11-01,25.65,26.2,23.04,23.92
2018-11-02,23.92,25.31,22.48,23.89
2018-11-05,24.67,25.68,23.89,24.25
2018-11-06,24.61,24.61,23.38,23.79
2018-11-07,22.64,22.8,19.94,20.22
2018-11-08,20.56,20.75,19.81,20.26
2018-11-09,21.05,22.7,20.6,22.36
2018-11-12,23.7,25.62,22.11,25.15
2018-11-13,24.57,25.74,22.53,24.51
2018-11-14,24.01,25.83,23.51,25.35
2018-11-15,25.55,25.97,21.41,23.58
2018-11-16,24.37,24.53,21.79,21.82
2018-11-19,22.93,25.09,22.05,22.95
2018-11-20,24.62,26.05,22.79,25.24
2018-11-21,24.32,24.61,22.09,23.55
2018-11-23,24.17,24.68,22.22,23.77
2018-11-26,23.69,23.73,22.37,23.32
2018-11-27,23.28,23.56,21.55,22.66
2018-11-28,22.47,23.42,20.79,21.93
2018-11-29,22.34,23.2,21.1,22.05
2018-11-30,22.14,22.97,20.7,21.07
2018-12-03,19.71,20.8,18.9,19.73
2018-12-04,19.83,24.33,19.68,24.24
2018-12-06,25.81,27.31,24.02,25.11
2018-12-07,25.12,27.17,23.4,26.04
2018-12-10,26.86,28.83,25.24,26.41
2018-12-11,25.78,27.06,24.26,25.66
2018-12-12,25.18,25.25,22.82,24.54
2018-12-13,24.27,25.08,22.64,24.52
2018-12-14,25.04,25.95,23.36,25.45
2018-12-17,26.54,29.02,24.67,28.04
2018-12-18,27.44,28.4,25.61,28.25
2018-12-19,27.52,29.02,25.14,28.49
2018-12-20,28.03,35.1,27.01,31.35
2018-12-21,31.41,32.3,28.23,30.93
2018-12-24,32.99,36.6,31.4,34.74
2018-12-26,35.67,36.04,29.4,30.26
2018-12-27,33.39,34.74,30.27,31.67
2018-12-28,31.51,32.23,28.68,29.32
2018-12-31,30.76,30.76,27.7,28.54
2019-01-02,30.25,30.41,26.19,26.85
2019-01-03,27.71,29.52,26.23,28.44
2019-01-04,27.13,27.4,24.59,25.3
2019-01-07,26.08,26.09,24.15,24.84
2019-01-08,24.35,25.12,23.4,24.2
2019-01-09,23.87,24.44,22.49,23.81
2019-01-10,24.29,24.75,22.73,23.33
2019-01-11,23.6,23.84,21.28,21.74
2019-01-14,23.04,23.45,20.96,22.2
2019-01-15,22.04,22.09,19.63,21.31
2019-01-16,21.09,21.92,19.85,21.91
2019-01-17,22.19,22.33,19.67,21.45
2019-01-18,21.21,21.68,19.33,20.78
2019-01-22,22.06,24.01,20.69,23.35
2019-01-23,23.14,24.54,21.49,23.46
2019-01-24,23.8,23.84,21.15,22.51
2019-01-25,21.72,22.02,20.31,20.93
2019-01-28,22.55,23.43,22.12,22.13
2019-01-29,22.13,22.45,21.21,21.73
2019-01-30,21.42,21.9,19.56,20.13
2019-01-31,20.29,20.34,17.69,19.1
2019-02-01,19.06,19.11,17.54,18.48
2019-02-04,19.12,19.12,16.67,17.32
2019-02-05,17.32,17.91,16.74,17.89
2019-02-06,17.73,18.03,17.16,17.42
2019-02-07,18.02,19.87,17.84,18.61
2019-02-08,19.01,19.67,18.12,18.12
2019-02-11,18.36,18.85,17.39,17.68
2019-02-12,17.22,17.5,16.82,16.93
2019-02-13,16.93,17.42,16.52,17.15
2019-02-14,17.87,18.29,16.8,17.5
2019-02-15,16.86,17.1,15.99,16.0
2019-02-19,17.18,17.25,16.32,16.51
2019-02-20,16.67,16.76,16.03,16.11
2019-02-21,16.46,17.04,15.69,16.33
2019-02-22,16.18,16.33,15.45,15.57
2019-02-25,15.76,16.72,15.66,16.67
2019-02-26,16.89,17.74,16.47,17.66
2019-02-27,17.93,18.49,17.26,17.28
2019-02-28,17.3,17.78,16.63,17.16
2019-03-01,16.6,17.28,15.72,16.12
2019-03-04,16.55,19.17,16.48,17.57
2019-03-05,17.67,18.35,17.32,17.43
2019-03-06,17.71,19.2,17.62,18.99
2019-03-07,19.26,20.4,18.96,19.76
2019-03-08,20.82,20.89,18.95,19.2
2019-03-11,19.77,19.77,16.98,17.13
2019-03-12,17.14,17.34,15.99,16.69
2019-03-13,16.43,16.47,15.62,15.89
2019-03-14,16.18,16.4,15.28,15.87
2019-03-15,15.68,15.8,14.88,15.33
2019-03-18,16.03,16.77,15.52,15.98
2019-03-19,15.88,17.13,15.23,16.98
2019-03-20,17.12,18.07,16.16,17.53
2019-03-21,17.85,17.85,16.71,17.02
2019-03-22,17.83,20.99,17.74,20.84
2019-03-25,21.53,22.54,20.1,20.16
2019-03-26,19.78,19.78,17.54,18.9
2019-03-27,19.0,20.55,18.7,19.17
2019-03-28,19.05,19.45,18.31,18.46
2019-03-29,18.07,18.26,17.12,17.8
2019-04-01,18.04,18.33,17.26,17.75
2019-04-02,17.77,18.35,17.27,17.51
2019-04-03,17.05,17.9,16.65,17.52
2019-04-04,17.69,17.69,16.94,16.97
2019-04-05,16.72,16.83,16.07,16.13
2019-04-08,16.96,17.26,16.58,16.76
2019-04-09,17.18,17.82,17.03,17.61
2019-04-10,17.45,17.67,16.82,16.86
2019-04-11,16.97,17.18,16.57,16.86
2019-04-12,16.63,16.63,15.98,16.06
2019-04-15,16.34,16.95,16.23,16.3
2019-04-16,16.21,16.27,15.52,16.09
2019-04-17,15.96,17.04,15.94,16.43
2019-04-18,16.59,17.12,16.01,16.03
2019-04-22,17.41,17.42,16.34,16.56
2019-04-23,16.58,16.61,15.84,15.93
2019-04-24,16.11,16.53,15.89,16.37
2019-04-25,16.9,17.87,16.45,16.82
2019-04-26,16.9,17.06,16.01,16.12
2019-04-29,16.64,16.7,15.89,16.65
2019-04-30,16.68,18.21,16.68,17.06
2019-05-01,17.15,18.4,16.18,18.35
2019-05-02,18.41,19.32,17.56,18.12
2019-05-03,17.75,17.76,16.64,16.8
2019-05-06,20.53,20.53,18.64,18.95
2019-05-07,19.87,23.89,19.38,22.03
2019-05-08,22.69,23.0,21.12,22.11
2019-05-09,24.45,25.82,21.74,22.34
2019-05-10,22.05,22.64,18.92,18.98
2019-05-13,22.66,23.85,22.31,23.74
2019-05-14,23.47,23.47,20.77,20.99
2019-05-15,22.21,22.37,19.35,19.56
2019-05-16,19.55,19.55,18.3,18.57
2019-05-17,19.55,19.68,18.05,19.37
2019-05-20,20.82,21.06,19.33,19.85
2019-05-21,19.23,19.23,18.18,18.3
2019-05-22,18.28,19.0,18.28,18.6
2019-05-23,19.81,21.59,19.65,20.82
2019-05-24,19.92,20.34,18.54,19.41
2019-05-28,19.4,20.92,19.4,20.81
2019-05-29,20.76,22.16,20.24,20.95
2019-05-30,20.53,21.3,19.73,20.46
2019-05-31,21.83,22.24,20.96,21.51
2019-06-03,21.64,22.04,20.54,21.32
2019-06-04,20.57,20.94,19.33,19.6
2019-06-05,19.33,20.76,19.26,19.4
2019-06-06,19.49,19.77,18.48,19.45
2019-06-07,19.42,19.43,18.62,19.02
2019-06-10,19.02,19.4,18.47,19.15
2019-06-11,18.83,20.13,18.67,19.58
2019-06-12,19.69,20.13,19.39,19.41
2019-06-13,19.29,19.56,18.81,18.85
2019-06-14,19.2,19.4,18.5,18.62
2019-06-17,18.99,19.08,18.45,18.73
2019-06-18,18.69,18.69,17.99,18.18
2019-06-19,18.21,18.76,16.88,17.68
2019-06-20,17.5,18.53,17.12,17.74
2019-06-21,18.04,18.27,17.47,17.85
2019-06-24,18.34,18.64,17.19,18.46
2019-06-25,18.56,19.36,18.01,19.29
2019-06-26,19.28,19.56,18.85,19.35
2019-06-27,19.09,19.3,18.05,18.57
2019-06-28,18.46,19.09,17.63,18.05
2019-07-01,16.83,17.22,16.66,16.66
2019-07-02,16.89,17.1,15.83,15.92
2019-07-03,16.03,16.34,14.96,15.7
2019-07-05,16.3,16.94,15.33,15.77
2019-07-08,16.67,17.26,16.54,16.54
2019-07-09,17.32,17.43,16.93,16.99
2019-07-10,16.99,16.99,15.85,16.18
2019-07-11,16.1,16.53,15.85,15.91
2019-07-12,15.87,15.89,14.76,15.11
2019-07-15,15.13,16.07,15.13,15.66
2019-07-16,15.94,16.11,15.0,15.54
2019-07-17,15.61,16.56,15.61,16.47
2019-07-18,16.62,16.92,15.83,16.06
2019-07-19,16.07,16.59,15.85,16.59
2019-07-22,16.59,17.26,16.34,16.34
2019-07-23,16.32,16.41,15.46,15.52
2019-07-24,15.85,15.86,14.8,15.05
2019-07-25,15.44,16.37,15.34,16.14
2019-07-26,15.85,15.94,15.15,15.72
2019-07-29,16.34,16.9,16.22,16.74
2019-07-30,17.43,17.63,16.66,17.28
2019-07-31,17.28,18.62,16.07,18.52
2019-08-01,18.47,21.79,16.23,20.41
2019-08-02,21.06,22.54,20.58,21.09
2019-08-05,24.02,26.89,23.75,26.14
2019-08-06,23.96,25.16,22.86,23.44
2019-08-07,24.75,25.93,22.26,22.64
2019-08-08,21.56,21.89,19.78,19.93
2019-08-09,19.93,21.94,19.88,20.52
2019-08-12,21.68,23.84,21.66,23.53
2019-08-13,23.77,24.05,20.26,20.71
2019-08-14,20.68,25.42,20.68,25.12
2019-08-15,24.69,26.43,24.13,24.28
2019-08-16,24.19,24.19,20.53,21.51
2019-08-19,20.87,20.87,19.65,19.86
2019-08-20,20.28,20.89,19.59,20.33
2019-08-21,19.76,19.97,18.63,19.22
2019-08-22,19.37,21.15,18.75,20.3
2019-08-23,21.5,25.16,19.07,24.3
2019-08-26,24.36,24.99,22.47,23.17
2019-08-27,23.24,24.91,21.1,24.35
2019-08-28,24.89,25.43,22.63,23.04
2019-08-29,22.14,22.14,20.29,21.1
2019-08-30,21.1,22.25,20.46,22.02
2019-09-03,22.02,23.82,21.85,23.52
2019-09-04,22.13,22.53,20.4,21.5
2019-09-05,21.5,21.5,19.27,20.09
2019-09-06,19.77,20.11,18.7,19.26
2019-09-09,19.23,20.6,18.91,19.7
2019-09-10,20.13,20.67,19.38,19.44
2019-09-11,19.33,20.02,18.52,18.97
2019-09-12,17.8,21.26,17.8,19.06
2019-09-13,18.71,19.05,17.96,18.66
2019-09-16,18.76,19.82,18.76,19.49
2019-09-17,19.97,20.14,19.43,19.9
2019-09-18,20.23,21.04,19.17,19.83
2019-09-19,19.8,19.8,18.45,18.59
2019-09-20,18.54,19.84,17.39,19.06
2019-09-23,19.62,19.82,18.59,18.72
2019-09-24,19.67,21.62,18.38,21.23
2019-09-25,21.25,22.69,19.94,20.12
2019-09-26,20.12,21.41,19.57,20.42
2019-09-27,20.39,23.23,19.89,21.24
2019-09-30,21.56,21.61,19.78,20.08
2019-10-01,20.08,22.38,18.44,22.16
2019-10-02,23.06,24.36,22.85,23.36
2019-10-03,23.36,25.13,21.63,22.04
2019-10-04,21.68,21.78,20.25,20.35
2019-10-07,21.13,21.62,20.4,21.14
2019-10-08,22.33,23.26,22.04,23.13
2019-10-09,22.52,22.94,21.88,22.11
2019-10-10,22.3,22.37,21.26,21.51
2019-10-11,20.31,22.05,19.74,20.05
2019-10-14,20.62,20.62,19.0,19.13
2019-10-15,18.91,18.91,17.11,17.41
2019-10-16,17.72,18.07,17.46,17.71
2019-10-17,17.55,17.83,17.01,17.11
2019-10-18,17.11,18.27,17.08,17.83
2019-10-21,17.83,18.3,17.52,17.52
2019-10-22,17.53,17.94,17.1,17.86
2019-10-23,18.02,18.26,17.32,17.33
2019-10-24,17.34,17.75,16.94,17.05
2019-10-25,17.21,17.28,15.97,16.04
2019-10-28,16.58,16.66,16.19,16.62
2019-10-29,16.97,17.23,16.71,17.0
2019-10-30,17.29,17.8,16.74,16.75
2019-10-31,16.72,17.79,16.72,17.21
2019-11-01,16.76,16.9,15.98,16.08
2019-11-04,16.38,17.08,16.34,16.68
2019-11-05,16.73,16.94,16.22,16.76
2019-11-06,16.76,17.15,16.61,16.91
2019-11-07,16.56,17.04,16.5,16.95
2019-11-08,16.95,17.34,16.35,16.4
2019-11-11,16.37,17.21,16.19,16.33
2019-11-12,16.43,16.61,15.88,16.08
2019-11-13,16.76,16.98,16.28,16.43
2019-11-14,16.84,17.06,16.39,16.74
2019-11-15,16.38,16.51,15.47,15.47
2019-11-18,15.47,16.58,15.47,15.79
2019-11-19,15.65,16.24,15.65,16.18
2019-11-20,16.73,17.71,16.07,16.07
2019-11-21,16.36,17.09,16.33,16.46
2019-11-22,16.47,16.6,15.39,15.39
2019-11-25,15.8,15.82,14.96,15.34
2019-11-26,15.45,15.52,14.93,14.97
2019-11-27,15.09,15.15,14.81,14.91
2019-11-29,15.63,15.81,15.22,15.22
2019-12-02,16.35,18.08,16.35,17.65
2019-12-03,19.67,20.35,19.03,19.1
2019-12-04,18.52,18.65,17.19,18.48
2019-12-05,18.14,19.01,17.66,17.67
2019-12-06,17.67,17.67,16.15,16.15
2019-12-09,16.85,17.96,16.74,17.94
2019-12-10,17.98,18.45,17.64,18.2
2019-12-11,18.34,18.52,16.94,17.61
2019-12-12,18.08,18.12,16.36,16.53
2019-12-13,16.84,16.85,14.73,14.73
2019-12-16,14.48,14.62,13.95,14.4
2019-12-17,14.65,14.67,14.19,14.3
2019-12-18,14.26,14.45,14.03,14.24
2019-12-19,14.39,14.44,14.02,14.13
2019-12-20,14.02,14.46,13.94,14.45
2019-12-23,15.03,15.48,14.65,14.79
2019-12-24,14.88,15.08,14.8,15.08
2019-12-26,15.36,15.43,15.02,15.05
2019-12-27,15.12,16.09,15.12,15.97
2019-12-30,15.98,17.23,15.98,16.73
2019-12-31,17.24,17.38,16.02,16.03
2020-01-02,15.83,16.52,15.04,15.09
2020-01-03,16.86,16.98,15.41,16.07
2020-01-06,17.72,17.72,16.07,16.19
2020-01-07,16.19,16.77,15.68,15.96
2020-01-08,16.28,16.38,14.91,15.48
2020-01-09,15.28,15.57,14.98,15.11
2020-01-10,15.16,15.38,14.48,14.73
2020-01-13,14.09,14.42,13.33,13.35
2020-01-14,14.0,17.46,13.12,13.54
2020-01-15,13.76,14.27,13.46,14.07
2020-01-16,13.92,14.65,13.42,13.88
2020-01-17,13.87,14.16,13.56,13.69
2020-01-21,15.04,15.26,14.46,15.07
2020-01-22,14.93,15.34,14.4,15.0
2020-01-23,15.05,16.37,15.05,15.46
2020-01-24,15.38,18.17,15.06,16.28
2020-01-27,16.5,20.42,16.5,19.56
2020-01-28,18.41,18.81,17.64,18.21
2020-01-29,17.53,18.83,17.04,18.31
2020-01-30,19.28,21.46,17.72,17.77
2020-01-31,18.53,21.32,18.47,20.33
2020-02-03,19.67,20.05,18.38,19.78
2020-02-04,19.84,19.84,17.01,17.54
2020-02-05,16.84,17.51,16.23,16.41
2020-02-06,16.45,16.98,16.07,16.43
2020-02-07,17.1,18.8,16.93,17.63
2020-02-10,18.6,18.72,16.97,16.97
2020-02-11,16.72,17.17,16.43,16.79
2020-02-12,16.29,16.48,15.5,15.57
2020-02-13,16.39,16.86,13.9,15.92
2020-02-14,16.03,16.38,15.69,15.72
2020-02-18,15.74,17.56,15.74,16.63
2020-02-19,16.61,16.61,15.29,15.78
2020-02-20,15.81,18.31,15.81,17.43
2020-02-21,17.9,19.8,17.9,18.94
2020-02-24,18.93,25.64,18.93,24.73
2020-02-25,24.83,30.31,23.82,28.83
2020-02-26,27.62,28.93,25.36,28.9
2020-02-27,31.69,38.55,31.12,38.07
2020-02-28,40.11,47.06,37.96,42.47
2020-03-02,42.53,42.53,31.68,33.26
2020-03-03,33.03,39.26,28.75,36.49
2020-03-04,31.69,34.2,29.13,30.75
2020-03-05,34.83,41.23,32.93,39.16
2020-03-06,46.65,49.09,42.31,42.41
2020-03-09,42.46,59.96,42.46,52.96
2020-03-10,47.02,53.71,46.64,47.19
2020-03-11,51.5,56.94,49.77,54.03
2020-03-12,53.94,76.02,53.94,73.93
2020-03-13,73.31,79.98,53.79,55.95
2020-03-16,58.7,85.89,58.7,83.19
2020-03-17,83.19,86.3,69.23,72.99
2020-03-18,81.98,88.79,70.37,81.12
2020-03-19,84.49,87.26,73.26,76.64
2020-03-20,75.09,75.09,59.52,69.21
2020-03-23,71.03,72.73,62.8,65.54
2020-03-24,59.22,65.45,54.04,65.03
2020-03-25,66.15,70.19,63.23,69.86
2020-03-26,66.1,66.28,62.21,65.21
2020-03-27,71.42,72.23,66.85,70.41
2020-03-30,68.21,68.99,61.86,61.86
2020-03-31,60.83,62.16,56.71,60.46
2020-04-01,65.49,66.48,60.3,65.26
2020-04-02,64.04,64.67,57.71,58.37
2020-04-03,58.5,59.02,55.38,56.82
2020-04-06,53.25,53.98,51.36,53.49
2020-04-07,51.13,55.83,49.19,55.4
2020-04-08,52.06,54.64,51.78,53.19
2020-04-09,52.35,55.46,50.94,52.48
2020-04-13,55.08,56.57,52.04,52.47
2020-04-14,50.32,52.21,48.57,49.78
2020-04-15,53.68,55.61,52.81,53.49
2020-04-16,53.14,56.37,53.12,53.93
2020-04-17,52.62,56.23,52.38,52.76
2020-04-20,56.47,56.74,54.21,55.9
2020-04-21,59.35,59.35,53.7,54.28
2020-04-22,52.1,53.24,46.62,49.72
2020-04-23,48.51,49.04,44.84,48.91
2020-04-24,47.13,47.72,43.92,44.72
2020-04-27,44.4,44.45,39.12,41.06
2020-04-28,38.48,41.76,38.04,40.59
2020-04-29,38.15,39.38,37.21,38.9
2020-04-30,41.21,43.82,41.11,42.62
2020-05-01,46.03,47.85,45.24,46.23
2020-05-04,48.34,49.06,44.81,45.46
2020-05-05,43.43,43.76,41.07,43.72
2020-05-06,42.42,44.62,41.99,44.46
2020-05-07,42.52,43.19,41.29,42.21
2020-05-08,40.88,41.81,40.44,40.49
2020-05-11,44.1,44.59,39.83,41.56
2020-05-12,40.5,44.7,39.13,44.7
2020-05-13,44.92,51.03,43.48,49.12
2020-05-14,51.72,55.13,48.31,48.87
2020-05-15,49.8,51.0,45.05,46.51
2020-05-18,42.5,44.21,40.35,43.89
2020-05-19,44.68,45.54,42.11,45.23
2020-05-20,43.37,43.57,41.8,42.3
2020-05-21,42.25,43.03,40.09,40.54
2020-05-22,40.38,41.55,38.52,38.93
2020-05-26,37.25,37.96,35.91,37.64
2020-05-27,36.72,38.68,35.95,36.39
2020-05-28,37.07,39.84,36.64,38.96
2020-05-29,40.77,41.07,37.23,38.14
2020-06-01,40.1,40.36,38.47,39.88
2020-06-02,39.28,40.06,37.96,38.19
2020-06-03,37.14,37.27,35.53,36.34
2020-06-04,36.67,37.48,35.06,36.25
2020-06-05,32.93,35.23,32.56,35.0
2020-06-08,34.64,37.02,34.64,36.93
2020-06-09,38.2,41.02,37.63,39.41
2020-06-10,39.64,41.07,37.66,39.62
2020-06-11,43.66,53.54,41.83,51.11
2020-06-12,47.28,56.56,46.24,49.21
2020-06-15,53.77,55.33,44.83,47.98
2020-06-16,45.37,53.49,43.66,47.57
2020-06-17,48.89,50.15,46.23,47.95
2020-06-18,49.67,50.0,46.6,47.76
2020-06-19,46.07,47.64,43.67,47.29
2020-06-22,47.3,48.09,43.27,43.62
2020-06-23,42.28,43.03,39.57,41.84
2020-06-24,43.0,47.41,42.36,45.45
2020-06-25,46.99,47.68,42.11,42.57
2020-06-26,42.97,45.38,41.77,44.85
2020-06-29,44.46,46.05,41.34,41.64
2020-06-30,42.41,42.57,35.67,38.14
2020-07-01,37.98,38.34,34.73,37.52
2020-07-02,35.79,37.46,34.73,35.98
2020-07-06,36.76,38.26,36.5,37.8
2020-07-07,39.1,39.18,36.89,38.41
2020-07-08,38.43,38.93,37.14,37.27
2020-07-09,36.8,40.7,36.8,38.87
2020-07-10,38.69,40.4,37.34,37.5
2020-07-13,37.09,43.19,37.09,42.56
2020-07-14,42.32,44.66,40.23,40.36
2020-07-15,38.38,41.61,38.17,40.34
2020-07-16,40.84,41.41,37.64,38.46
2020-07-17,38.33,38.33,35.64,35.88
2020-07-20,36.64,36.67,33.96,34.52
2020-07-21,33.99,35.42,33.71,34.33
2020-07-22,34.75,34.75,33.41,33.67
2020-07-23,33.76,35.7,32.69,34.64
2020-07-24,35.59,36.55,33.13,33.39
2020-07-27,34.52,34.6,32.45,32.57
2020-07-28,32.78,33.66,32.02,33.31
2020-07-29,32.87,32.87,31.23,31.88
2020-07-30,33.41,36.35,30.36,31.77
2020-07-31,31.42,35.84,29.79,33.1
2020-08-03,34.03,34.17,32.28,32.34
2020-08-04,32.38,32.4,30.83,31.21
2020-08-05,30.54,30.69,29.2,30.04
2020-08-06,30.32,30.9,29.72,30.08
2020-08-07,30.48,30.56,29.18,30.12
2020-08-10,30.76,31.75,30.36,31.1
2020-08-11,30.53,33.95,29.92,32.79
2020-08-12,31.52,31.9,30.29,31.13
2020-08-13,31.21,31.53,29.89,29.9
2020-08-14,30.35,30.67,28.92,29.3
2020-08-17,29.66,29.78,27.43,27.43
2020-08-18,27.67,29.28,26.88,28.23
2020-08-19,28.18,28.7,27.05,28.65
2020-08-20,29.94,29.94,28.18,28.73
2020-08-21,29.33,29.77,28.16,28.73
2020-08-24,29.1,29.72,28.26,28.47
2020-08-25,28.42,29.39,27.99,28.29
2020-08-26,28.46,28.88,27.87,28.67
2020-08-27,28.43,31.96,28.34,29.61
2020-08-28,30.11,30.81,27.85,28.03
2020-08-31,29.49,31.75,29.49,31.65
2020-09-01,32.15,33.13,31.92,32.15
2020-09-02,32.35,33.77,32.1,33.08
2020-09-03,33.4,39.67,31.89,38.2
2020-09-04,37.88,43.38,35.31,36.0
2020-09-08,40.12,40.81,35.35,35.72
2020-09-09,35.41,35.5,31.49,32.34
2020-09-10,31.61,33.81,31.07,33.5
2020-09-11,32.5,33.32,31.22,32.28
2020-09-14,31.64,31.89,28.85,29.5
2020-09-15,29.1,29.32,28.37,28.97
2020-09-16,29.34,29.8,27.23,29.24
2020-09-17,30.99,31.3,29.47,29.62
2020-09-18,29.17,30.9,28.2,29.55
2020-09-21,33.5,36.09,32.84,33.78
2020-09-22,33.78,35.1,32.94,33.34
2020-09-23,33.26,36.12,32.17,35.53
2020-09-24,36.16,37.35,34.46,35.61
2020-09-25,36.09,36.14,33.86,33.98
2020-09-28,34.11,34.82,33.81,33.87
2020-09-29,34.38,35.18,33.69,34.48
2020-09-30,34.58,35.22,33.12,34.49
2020-10-01,33.82,36.4,33.61,35.2
2020-10-02,36.98,37.02,34.4,35.08
2020-10-05,35.3,35.3,33.44,34.17
2020-10-06,33.81,35.67,32.32,35.46
2020-10-07,33.13,35.0,33.13,33.8
2020-10-08,33.29,34.2,32.53,32.71
2020-10-09,31.64,31.91,30.22,30.51
2020-10-12,30.97,31.62,28.97,31.6
2020-10-13,32.39,32.58,30.16,30.16
2020-10-14,30.17,32.43,29.72,32.1
2020-10-15,33.85,34.1,31.77,32.22
2020-10-16,32.07,32.68,31.23,32.68
2020-10-19,32.95,35.26,32.44,34.77
2020-10-20,34.2,35.48,33.46,34.93
2020-10-21,34.83,35.77,34.01,34.26
2020-10-22,34.24,34.51,32.81,33.15
2020-10-23,32.55,33.63,32.11,32.95
2020-10-26,34.95,38.9,34.52,37.8
2020-10-27,37.76,39.11,37.22,39.07
2020-10-28,41.79,45.27,41.45,44.99
2020-10-29,45.05,45.34,40.5,41.38
2020-10-30,40.96,43.09,39.08,41.36
2020-11-02,41.54,42.22,39.02,41.37
2020-11-03,40.05,40.56,38.42,38.93
2020-11-04,38.93,38.93,30.7,33.52
2020-11-05,31.12,32.52,29.8,31.14
2020-11-06,31.29,31.63,28.96,29.37
2020-11-09,23.3,31.06,23.3,30.48
2020-11-10,30.23,31.46,29.35,30.98
2020-11-11,30.85,30.85,28.52,29.09
2020-11-12,29.72,33.91,28.68,31.62
2020-11-13,30.66,30.69,28.86,30.0
2020-11-16,29.91,32.03,29.88,30.09
2020-11-17,31.0,31.66,29.0,29.54
2020-11-18,29.4,30.83,28.5,30.68
2020-11-19,30.89,31.09,28.92,30.17
2020-11-20,30.14,30.24,28.18,29.5
2020-11-23,29.37,29.92,27.23,28.76
2020-11-24,28.05,29.64,28.05,29.36
2020-11-25,29.65,29.71,28.63,28.76
2020-11-27,29.19,29.3,28.72,28.89
2020-11-30,30.02,31.01,29.32,29.78
2020-12-01,29.48,30.01,29.3,29.72
2020-12-02,30.27,30.47,28.29,28.39
2020-12-03,28.34,29.08,27.75,28.84
2020-12-04,28.62,28.86,27.88,28.74
2020-12-07,29.77,30.24,29.25,29.66
2020-12-08,30.07,30.07,28.39,28.81
2020-12-09,28.65,30.41,28.61,29.51
2020-12-10,30.23,30.51,28.12,28.61
2020-12-11,29.74,31.27,28.61,30.04
2020-12-14,29.56,30.62,28.75,30.5
2020-12-15,29.52,30.24,28.69,29.03
2020-12-16,28.71,30.22,28.19,29.4
2020-12-17,28.92,29.55,28.83,29.25
2020-12-18,29.07,30.17,27.24,28.01
2020-12-21,32.55,33.36,29.4,30.97
2020-12-22,30.61,32.09,29.86,30.59
2020-12-23,30.1,30.89,29.56,30.62
2020-12-24,30.2,30.56,29.46,30.06
2020-12-28,30.55,30.98,28.82,29.07
2020-12-29,28.97,31.27,28.97,30.76
2020-12-30,30.25,31.59,29.39,30.52
2020-12-31,30.36,31.22,29.89,30.54
2021-01-04,31.21,35.61,31.11,34.43
2021-01-05,34.51,34.51,31.58,31.98
2021-01-06,31.12,32.78,28.64,32.0
2021-01-07,30.32,32.45,29.29,29.53
2021-01-08,29.33,31.82,29.25,31.11
2021-01-11,33.33,33.92,32.29,32.3
2021-01-12,31.76,34.19,31.0,31.27
2021-01-13,31.44,32.63,29.2,29.58
2021-01-14,29.24,30.85,28.88,30.61
2021-01-15,31.44,32.47,29.37,30.72
2021-01-19,30.85,31.55,30.37,30.7
2021-01-20,30.06,30.15,29.37,30.02
2021-01-21,29.89,31.02,29.78,30.67
2021-01-22,31.88,32.17,29.63,31.64
2021-01-25,32.68,37.32,32.52,33.68
2021-01-26,33.35,34.79,33.23,33.71
2021-01-27,37.76,40.97,34.66,40.4
2021-01-28,39.07,39.11,35.11,37.33
2021-01-29,37.82,42.15,36.35,38.89
2021-02-01,38.38,38.47,34.11,35.33
2021-02-02,33.75,33.77,31.22,31.71
2021-02-03,31.44,31.78,28.47,29.69
2021-02-04,29.43,29.67,28.58,28.71
2021-02-05,28.36,30.04,27.79,28.83
2021-02-08,29.09,30.52,28.98,30.37
2021-02-09,30.61,31.2,29.74,30.44
2021-02-10,30.12,33.41,29.92,32.15
2021-02-11,31.44,33.71,31.36,32.38
2021-02-12,33.51,33.8,31.08,31.38
2021-02-16,32.73,34.08,32.4,33.54
2021-02-17,35.16,35.61,32.07,32.21
2021-02-18,33.32,34.14,31.78,32.65
2021-02-19,32.35,33.19,31.49,32.21
2021-02-22,34.16,34.37,31.63,32.81
2021-02-23,34.9,36.2,32.62,33.3
2021-02-24,32.9,34.7,31.62,32.12
2021-02-25,32.12,39.38,32.12,37.95
2021-02-26,37.28,39.85,34.3,36.6
2021-03-01,34.16,34.26,32.6,33.19
2021-03-02,33.41,34.87,32.77,34.48
2021-03-03,34.37,36.49,33.35,35.95
2021-03-04,36.27,40.36,34.73,37.33
2021-03-05,35.9,39.52,34.25,34.65
2021-03-08,36.0,36.93,34.14,35.35
2021-03-09,34.05,34.41,32.51,33.46
2021-03-10,32.29,33.3,31.31,31.8
2021-03-11,31.2,32.32,30.7,31.66
2021-03-12,31.93,32.38,30.93,31.24
2021-03-15,32.25,32.57,30.24,30.24
2021-03-16,30.79,31.02,29.72,29.99
2021-03-17,31.07,31.62,29.19,29.42
2021-03-18,30.1,32.19,29.33,31.53
2021-03-19,31.65,32.53,29.17,29.91
2021-03-22,30.77,31.08,28.14,28.18
2021-03-23,29.33,33.11,28.6,32.21
2021-03-24,31.2,34.27,29.97,33.52
2021-03-25,34.97,35.87,32.39,32.53
2021-03-26,31.81,33.17,30.92,31.37
2021-03-29,33.01,34.34,32.56,33.65
2021-03-30,33.89,34.5,31.0,31.98
2021-03-31,31.55,31.59,29.42,30.6
2021-04-01,29.72,29.74,27.26,27.36
2021-04-05,28.09,28.82,27.17,28.19
2021-04-06,28.3,28.34,26.71,26.97
2021-04-07,26.99,27.92,26.2,27.77
2021-04-08,27.49,28.37,27.09,27.55
2021-04-09,27.96,28.37,26.3,27.01
2021-04-12,27.51,28.48,27.32,27.49
2021-04-13,27.39,28.42,26.7,27.08
2021-04-14,26.73,27.1,25.73,26.52
2021-04-15,26.28,26.67,25.08,25.18
2021-04-16,24.75,25.49,23.04,23.04
2021-04-19,24.71,26.77,24.25,26.07
2021-04-20,26.81,29.09,26.57,28.23
2021-04-21,28.64,28.89,26.09,26.19
2021-04-22,26.19,28.29,24.95,26.94
2021-04-23,27.11,27.22,24.2,25.17
2021-04-26,25.61,26.22,25.07,25.07
2021-04-27,25.51,25.89,24.44,25.49
2021-04-28,25.83,26.0,24.04,24.92
2021-04-29,24.6,26.91,24.6,25.13
2021-04-30,25.13,26.53,25.13,25.93
2021-05-03,25.96,26.34,23.98,25.58
2021-05-04,26.39,28.77,26.21,27.16
2021-05-05,26.63,27.68,26.07,26.86
2021-05-06,26.92,28.74,25.37,26.72
2021-05-07,27.02,27.24,24.45,24.56
2021-05-10,25.71,28.18,25.48,28.04
2021-05-11,30.57,31.47,28.9,30.05
2021-05-12,30.41,35.33,30.19,34.94
2021-05-13,32.98,33.79,30.41,31.48
2021-05-14,30.22,30.27,26.97,27.18
2021-05-17,28.89,30.03,27.98,27.98
2021-05-18,28.25,29.23,27.1,28.93
2021-05-19,31.26,32.77,29.21,29.88
2021-05-20,29.14,29.75,27.7,28.11
2021-05-21,27.23,27.45,26.06,26.46
2021-05-24,27.07,27.34,24.57,24.93
2021-05-25,24.67,25.76,24.67,25.41
2021-05-26,25.09,25.84,24.12,24.2
2021-05-27,23.89,24.19,23.03,23.46
2021-05-28,23.52,23.88,22.5,23.26
2021-06-01,24.02,24.87,21.72,23.98
2021-06-02,24.06,24.87,23.77,24.54
2021-06-03,25.1,26.45,24.8,25.45
2021-06-04,25.08,25.12,22.69,22.82
2021-06-07,23.55,23.66,22.58,22.59
2021-06-08,22.42,23.39,22.18,22.62
2021-06-09,22.8,24.71,22.79,23.98
2021-06-10,23.55,23.87,22.74,23.15
2021-06-11,22.78,22.78,22.17,22.26
2021-06-14,22.57,23.07,22.28,22.44
2021-06-15,22.67,24.14,22.48,23.33
2021-06-16,23.7,25.15,22.78,23.52
2021-06-17,24.24,25.59,22.77,23.59
2021-06-18,25.62,26.89,25.39,26.51
2021-06-21,26.53,26.75,23.95,24.09
2021-06-22,24.6,24.67,22.66,22.76
2021-06-23,22.77,22.86,22.08,22.4
2021-06-24,22.12,22.22,21.58,21.7
2021-06-25,21.84,21.95,20.87,21.17
2021-06-28,21.92,22.87,21.63,21.89
2021-06-29,21.74,22.62,21.57,22.45
2021-06-30,22.86,23.04,22.12,22.29
2021-07-01,22.13,22.36,21.6,21.88
2021-07-02,21.84,21.95,21.13,21.57
2021-07-06,22.99,25.44,22.99,24.28
2021-07-07,24.49,25.75,23.99,24.84
2021-07-08,27.38,28.63,25.09,26.9
2021-07-09,25.74,25.84,23.63,23.67
2021-07-12,24.55,24.68,22.87,23.45
2021-07-13,24.19,24.97,23.83,24.88
2021-07-14,24.49,25.7,23.77,25.54
2021-07-15,26.08,26.53,24.87,25.37
2021-07-16,24.73,31.45,24.36,26.44
2021-07-19,29.73,31.72,29.07,30.3
2021-07-20,30.27,30.63,26.39,26.96
2021-07-21,26.15,26.61,25.67,25.69
2021-07-22,26.06,27.02,23.76,26.39
2021-07-23,25.92,27.01,23.21,25.12
2021-07-26,25.99,26.92,23.62,26.05
2021-07-27,27.07,28.7,25.22,27.45
2021-07-28,27.0,27.39,25.12,25.96
2021-07-29,25.48,25.67,24.52,25.0
2021-07-30,25.38,26.36,25.0,25.79
2021-08-02,26.57,27.89,25.18,27.54
2021-08-03,27.41,29.31,25.8,26.24
2021-08-04,26.85,27.07,25.66,26.65
2021-08-05,26.34,26.6,25.65,25.67
2021-08-06,24.96,25.94,24.58,24.6
2021-08-09,25.78,26.15,25.26,25.55
2021-08-10,25.29,25.93,25.17,25.59
2021-08-11,25.51,26.26,24.6,25.0
2021-08-12,25.28,25.54,23.91,24.18
2021-08-13,24.31,24.56,23.37,23.82
2021-08-16,25.34,26.08,23.52,24.38
2021-08-17,25.87,28.0,25.31,26.75
2021-08-18,26.9,28.41,25.25,28.22
2021-08-19,30.15,30.43,28.21,29.37
2021-08-20,29.46,29.46,26.08,26.5
2021-08-23,26.56,26.58,24.08,24.54
2021-08-24,24.75,24.92,24.18,24.72
2021-08-25,25.16,25.38,23.83,24.27
2021-08-26,25.03,26.39,24.36,25.72
2021-08-27,25.56,25.56,22.84,23.65
2021-08-30,24.47,24.64,23.76,24.06
2021-08-31,24.17,24.99,23.68,23.92
2021-09-01,24.05,25.32,23.39,23.81
2021-09-02,23.65,24.15,23.24,23.68
2021-09-03,23.97,24.43,23.15,23.61
2021-09-07,24.96,25.87,24.7,25.26
2021-09-08,25.9,26.87,24.72,25.83
2021-09-09,26.19,26.66,24.46,26.31
2021-09-10,25.58,28.59,25.16,28.29
2021-09-13,27.88,30.29,27.28,27.38
2021-09-14,27.15,31.22,26.52,28.03
2021-09-15,27.89,28.27,25.93,25.99
2021-09-16,26.47,27.79,24.39,25.28
2021-09-17,25.12,26.89,25.03,26.43
2021-09-20,30.96,33.2,29.28,30.88
2021-09-21,29.26,31.87,28.88,29.99
2021-09-22,28.67,29.1,26.43,27.27
2021-09-23,26.81,26.86,24.67,25.18
2021-09-24,26.06,26.34,24.44,24.61
2021-09-27,25.56,26.35,24.13,24.73
2021-09-28,25.74,29.04,25.74,28.2
2021-09-29,27.56,28.79,27.17,27.75
2021-09-30,27.31,29.44,26.49,28.89
2021-10-01,28.07,30.28,26.48,26.83
2021-10-04,28.28,30.11,28.02,28.53
2021-10-05,28.21,28.67,26.22,26.65
2021-10-06,27.93,29.01,26.37,26.39
2021-10-07,25.58,25.63,24.26,24.34
2021-10-08,24.06,24.49,23.48,24.01
2021-10-11,23.84,24.24,22.2,23.85
2021-10-12,23.66,24.18,22.67,23.41
2021-10-13,23.05,24.21,22.39,22.6
2021-10-14,21.72,21.89,20.63,20.68
2021-10-15,20.11,24.66,19.33,21.48
2021-10-18,22.93,23.1,21.12,21.27
2021-10-19,21.08,21.58,20.65,20.87
2021-10-20,21.18,21.41,20.28,20.5
2021-10-21,20.75,21.09,20.34,20.34
2021-10-22,20.87,21.97,20.15,20.48
2021-10-25,21.54,21.74,20.71,20.84
2021-10-26,21.04,21.74,20.77,21.15
2021-10-27,21.62,22.87,20.84,22.71
2021-10-28,22.35,23.04,21.59,21.92
2021-10-29,22.68,22.84,21.91,22.08
2021-11-01,22.87,23.71,22.62,23.47
2021-11-02,23.94,24.14,23.11,23.3
2021-11-03,23.54,24.5,21.89,23.16
2021-11-04,23.15,23.42,22.5,22.88
2021-11-05,22.69,23.79,22.59,23.46
2021-11-08,24.03,25.01,23.89,24.15
2021-11-09,24.23,25.32,24.11,24.63
2021-11-10,24.71,26.09,23.94,25.33
2021-11-11,24.68,25.1,24.02,24.34
2021-11-12,24.18,24.22,22.95,23.41
2021-11-15,23.9,24.47,23.42,23.58
2021-11-16,23.99,24.04,22.41,23.09
2021-11-17,23.36,24.19,23.17,24.14
2021-11-18,23.97,24.9,23.75,24.35
2021-11-19,25.37,25.8,24.07,24.84
2021-11-22,25.47,26.18,24.57,25.77
2021-11-23,26.23,27.38,25.72,26.31
2021-11-24,27.19,28.12,25.82,25.83
2021-11-26,31.57,39.16,30.74,39.0
2021-11-29,33.6,36.25,31.16,32.98
2021-11-30,34.6,38.71,33.45,36.54
2021-12-01,34.0,42.65,31.77,41.92
2021-12-02,40.32,41.64,38.01,38.98
2021-12-03,37.62,45.0,37.34,40.95
2021-12-06,40.07,41.38,35.3,36.18
2021-12-07,33.44,33.44,29.27,30.54
2021-12-08,30.69,31.64,28.54,28.89
2021-12-09,29.88,31.54,28.68,31.21
2021-12-10,29.71,31.47,28.59,28.8
2021-12-13,29.54,31.6,29.46,30.53
2021-12-14,32.14,33.49,30.57,32.51
2021-12-15,32.83,34.55,28.45,29.37
2021-12-16,28.88,34.51,28.29,31.63
2021-12-17,32.89,34.47,30.02,31.99
2021-12-20,37.16,38.03,33.34,33.35
2021-12-21,32.37,32.75,30.86,31.33
2021-12-22,31.18,31.32,28.31,28.31
2021-12-23,28.41,28.45,25.79,26.47
2021-12-27,27.82,28.15,25.22,25.33
2021-12-28,25.69,25.87,24.58,24.6
2021-12-29,24.81,25.07,22.63,23.59
2021-12-30,23.84,24.13,23.15,23.93
2021-12-31,24.23,24.48,22.17,23.59
2022-01-03,23.92,24.46,23.23,23.41
2022-01-04,23.32,24.33,23.09,23.29
2022-01-05,23.52,26.84,23.17,26.6
2022-01-06,26.97,28.68,26.48,27.59
2022-01-07,27.74,29.08,26.56,26.73
2022-01-10,28.86,30.13,27.2,27.56
2022-01-11,27.55,28.46,25.71,25.82
2022-01-12,25.24,26.61,24.82,24.85
2022-01-13,24.82,27.47,24.48,27.24
2022-01-14,28.29,28.39,25.8,25.84
2022-01-18,28.22,30.8,28.22,30.59
2022-01-19,30.01,31.68,29.59,31.56
2022-01-20,30.56,33.09,28.74,33.01
2022-01-21,34.22,36.27,32.39,36.25
2022-01-24,40.5,43.74,36.27,36.57
2022-01-25,39.01,41.09,36.4,38.22
2022-01-26,36.23,38.59,32.54,37.46
2022-01-27,35.65,38.7,34.88,37.26
2022-01-28,36.98,38.71,34.0,35.23
2022-01-31,35.81,36.01,32.0,32.94
2022-02-01,32.33,33.5,29.63,29.82
2022-02-02,28.9,31.42,28.78,29.89
2022-02-03,31.78,32.97,30.5,31.78
2022-02-04,32.4,33.77,29.72,31.2
2022-02-07,31.78,32.02,29.25,30.34
2022-02-08,30.5,31.15,28.58,28.66
2022-02-09,27.85,28.48,27.06,27.88
2022-02-10,29.65,31.85,27.39,31.25
2022-02-11,30.96,37.56,30.57,34.59
2022-02-14,35.99,37.75,33.37,35.48
2022-02-15,33.72,33.83,31.49,31.99
2022-02-16,32.81,33.3,29.31,30.68
2022-02-17,32.05,33.97,32.03,33.52
2022-02-18,33.76,35.37,32.57,33.71
2022-02-22,35.66,37.34,34.14,35.08
2022-02-23,34.54,36.51,33.68,36.43
2022-02-24,40.53,41.1,34.64,35.25
2022-02-25,34.78,35.33,32.35,33.2
2022-02-28,36.66,36.93,33.85,34.71
2022-03-01,35.4,38.77,34.84,37.14
2022-03-02,36.42,36.74,33.63,34.76
2022-03-03,33.77,36.25,33.77,35.03
2022-03-04,37.39,38.73,36.41,36.92
2022-03-07,37.64,41.1,37.55,41.02
2022-03-08,39.93,42.14,37.56,40.17
2022-03-09,38.05,38.72,35.68,36.92
2022-03-10,38.06,38.09,35.73,35.76
2022-03-11,35.11,36.45,34.59,36.04
2022-03-14,36.92,39.54,36.63,37.97
2022-03-15,37.93,38.09,35.39,36.19
2022-03-16,35.31,35.89,32.55,32.97
2022-03-17,33.72,33.72,30.78,31.09
2022-03-18,31.35,32.19,29.75,29.77
2022-03-21,30.74,31.28,28.8,29.99
2022-03-22,29.35,29.63,28.16,28.55
2022-03-23,29.64,30.13,28.51,28.91
2022-03-24,28.79,29.38,27.02,27.16
2022-03-25,27.41,27.92,26.46,26.77
2022-03-28,28.0,28.46,25.99,26.13
2022-03-29,25.66,26.41,24.89,25.65
2022-03-30,26.01,27.53,25.95,26.75
2022-03-31,27.1,27.88,26.46,26.97
2022-04-01,26.41,27.27,25.59,25.97
2022-04-04,26.45,26.56,24.92,24.96
2022-04-05,25.16,27.13,24.81,26.85
2022-04-06,28.06,30.08,27.43,27.98
2022-04-07,27.86,29.29,27.0,27.32
2022-04-08,27.36,28.27,26.34,27.19
2022-04-11,27.34,29.29,27.22,28.95
2022-04-12,28.03,29.51,27.0,28.67
2022-04-13,28.34,29.65,25.2,26.1
2022-04-14,25.46,27.36,24.84,27.26
2022-04-18,28.57,29.27,28.04,28.38
2022-04-19,28.68,28.8,26.78,27.55
2022-04-20,26.46,27.03,25.46,26.34
2022-04-21,25.89,29.16,25.61,28.8
2022-04-22,29.43,33.91,29.11,33.56
2022-04-25,34.89,36.44,32.72,32.97
2022-04-26,33.9,38.03,33.82,37.92
2022-04-27,36.63,37.57,34.91,36.37
2022-04-28,34.91,36.95,33.12,34.8
2022-04-29,34.55,38.95,33.7,37.22
2022-05-02,38.43,39.45,36.16,36.61
2022-05-03,36.36,36.84,33.07,34.01
2022-05-04,34.04,34.44,30.19,30.24
2022-05-05,31.69,36.76,31.54,35.42
2022-05-06,36.7,38.56,34.6,35.18
2022-05-09,37.66,40.56,37.09,39.63
2022-05-10,37.63,40.78,37.52,38.75
2022-05-11,38.95,39.97,36.87,38.78
2022-05-12,39.77,41.02,37.25,38.13
2022-05-13,36.89,36.89,34.43,35.66
2022-05-16,36.64,37.41,35.15,35.16
2022-05-17,33.93,34.33,32.56,32.91
2022-05-18,34.18,37.14,34.08,36.73
2022-05-19,37.47,37.74,32.98,34.83
2022-05-20,34.16,37.95,33.53,35.06
2022-05-23,35.23,36.16,34.0,34.3
2022-05-24,35.05,36.88,33.98,34.64
2022-05-25,35.08,35.22,32.46,33.13
2022-05-26,32.94,33.04,31.58,31.87
2022-05-27,31.45,31.45,30.06,30.76
2022-05-31,32.73,33.92,31.26,31.85
2022-06-01,31.56,33.31,30.93,31.58
2022-06-02,31.83,32.46,29.87,30.44
2022-06-03,31.19,31.98,30.06,30.09
2022-06-13,37.36,39.66,36.64,38.77
2022-06-14,37.94,38.75,36.5,37.03
2022-06-15,36.78,36.85,31.77,34.0
2022-06-16,36.3,40.15,35.64,38.26
2022-06-17,37.92,38.54,35.83,37.06
2022-06-21,37.02,37.11,35.62,36.24
2022-06-22,37.37,37.37,34.99,35.43
2022-06-23,35.39,35.98,33.78,35.13
2022-06-24,34.66,34.71,31.11,32.67
2022-06-27,33.52,34.16,31.03,32.18
2022-06-28,32.16,33.79,31.38,33.11
2022-06-29,33.66,34.43,32.06,33.23
2022-06-30,34.41,35.22,33.5,33.96
2022-07-01,33.84,34.48,31.96,32.36
2022-07-05,35.06,35.83,32.45,33.36
2022-07-06,33.63,34.47,30.85,32.59
2022-07-07,32.03,32.37,31.02,31.53
2022-07-08,31.68,31.81,29.76,30.06
2022-07-11,32.02,33.96,31.47,31.71
2022-07-12,32.15,33.27,31.0,32.67
2022-07-13,34.15,34.17,31.71,32.34
2022-07-14,33.18,33.69,29.98,31.14
2022-07-15,30.13,30.76,28.47,28.96
2022-07-18,29.25,31.3,29.11,30.23
2022-07-19,29.43,29.78,28.96,29.6
2022-07-20,29.36,29.97,28.53,29.19
2022-07-21,29.45,30.18,27.87,28.1
2022-07-22,27.85,28.61,26.53,27.91
2022-07-25,29.01,29.58,28.15,28.47
2022-07-26,29.13,30.33,29.13,29.67
2022-07-27,29.24,29.68,27.82,28.37
2022-07-28,27.86,29.38,26.84,27.28
2022-07-29,27.14,27.18,25.78,26.12
2022-08-01,27.74,29.53,25.76,27.89
2022-08-02,28.86,30.09,27.65,29.09
2022-08-03,28.37,28.45,25.98,26.69
2022-08-04,26.85,27.48,25.98,26.03
2022-08-05,26.99,27.01,25.04,25.3
2022-08-08,25.69,26.32,25.19,25.86
2022-08-09,26.55,26.98,25.36,26.71
2022-08-10,25.42,25.69,22.8,24.52
2022-08-11,24.43,25.57,24.11,25.09
2022-08-12,24.89,25.02,22.73,24.23
2022-08-15,25.9,25.9,24.64,24.69
2022-08-16,24.88,25.09,23.34,24.42
2022-08-17,25.27,25.8,24.11,25.09
2022-08-18,25.31,25.58,24.14,24.58
2022-08-19,25.69,26.23,25.19,25.34
2022-08-22,28.31,30.51,28.08,29.14
2022-08-23,29.16,29.34,27.05,28.96
2022-08-24,29.22,29.39,27.1,28.24
2022-08-25,28.09,28.6,25.83,27.56
2022-08-26,27.7,30.75,26.53,30.48
2022-08-29,32.29,32.29,29.49,31.01
2022-08-30,30.59,31.98,29.78,31.13
2022-08-31,30.96,31.24,29.32,30.12
2022-09-01,30.96,31.95,29.87,30.09
2022-09-02,28.71,30.33,27.83,29.98
2022-09-06,30.56,32.48,29.97,31.41
2022-09-07,31.55,31.61,28.02,29.4
2022-09-08,30.32,30.68,27.32,28.18
2022-09-09,27.56,28.0,27.0,27.29
2022-09-12,27.86,28.21,27.4,27.9
2022-09-13,28.68,33.03,28.4,31.09
2022-09-14,30.96,31.56,30.23,30.65
2022-09-15,31.07,31.5,29.84,30.69
2022-09-16,31.92,33.08,30.93,31.01
2022-09-19,32.39,32.51,30.67,30.85
2022-09-20,31.52,32.74,31.04,32.23
2022-09-21,31.95,33.26,29.99,32.69
2022-09-22,32.31,33.13,31.48,31.88
2022-09-23,33.0,36.69,32.58,34.83
2022-09-26,36.53,37.76,34.6,37.6
2022-09-27,36.57,39.14,35.67,37.64
2022-09-28,37.54,38.55,35.12,35.96
2022-09-29,37.13,38.6,35.34,37.08
2022-09-30,37.14,37.39,34.59,36.77
2022-10-03,36.78,37.33,33.9,35.81
2022-10-04,34.76,35.13,33.18,34.76
2022-10-05,35.49,35.74,33.48,34.62
2022-10-06,35.11,36.01,34.81,35.91
2022-10-07,36.02,36.89,34.75,35.84
2022-10-10,37.08,38.46,35.48,37.04
2022-10-11,37.93,38.53,35.42,37.82
2022-10-12,38.52,39.14,36.12,38.1
2022-10-13,37.76,38.24,35.52,36.55
2022-10-14,36.17,37.25,35.8,36.11
2022-10-17,36.07,36.6,35.29,35.81
2022-10-18,34.74,35.67,33.83,34.65
2022-10-19,35.29,35.87,33.8,34.76
2022-10-20,34.84,35.31,33.93,34.48
2022-10-21,34.73,35.14,33.59,34.36
2022-10-24,35.36,35.74,34.51,34.53
2022-10-25,34.5,34.83,32.92,33.3
2022-10-26,33.03,33.33,31.28,32.08
2022-10-27,31.98,32.3,31.47,32.17
2022-10-28,31.89,31.89,29.97,30.28
2022-10-31,31.48,31.68,29.48,30.77
2022-11-01,30.56,31.17,28.74,30.57
2022-11-02,31.11,32.06,29.2,30.77
2022-11-03,31.5,31.89,29.69,30.47
2022-11-04,29.99,30.5,29.05,29.67
2022-11-07,30.59,31.02,29.09,29.44
2022-11-08,29.56,30.93,29.16,30.23
2022-11-09,30.39,31.39,29.85,30.9
2022-11-10,28.67,29.28,27.14,28.53
2022-11-11,28.76,28.95,26.79,27.46
2022-11-14,29.11,29.27,27.54,28.36
2022-11-15,28.05,30.43,27.72,28.63
2022-11-16,28.88,28.95,27.87,28.44
2022-11-17,29.33,29.4,28.23,28.62
2022-11-18,28.14,28.53,26.98,28.15
2022-11-21,29.22,29.22,26.89,27.67
2022-11-22,27.52,27.55,25.43,26.31
2022-11-23,26.66,28.53,23.85,24.97
2022-11-25,25.47,25.67,24.96,25.05
2022-11-28,26.56,27.11,26.21,26.8
2022-11-29,26.84,27.34,24.81,26.15
2022-11-30,26.29,26.99,23.79,24.7
2022-12-01,24.81,25.42,23.59,24.19
2022-12-02,24.78,24.78,22.26,23.14
2022-12-05,24.42,25.6,23.76,24.92
2022-12-06,24.94,26.6,24.75,26.1
2022-12-07,26.3,26.71,25.64,25.89
2022-12-08,25.95,26.65,24.43,25.97
2022-12-09,26.42,26.58,25.45,26.06
2022-12-12,27.67,28.96,27.59,28.88
2022-12-13,25.59,27.76,25.44,25.86
2022-12-14,26.19,26.62,23.53,24.74
2022-12-15,25.24,26.46,24.93,25.9
2022-12-16,26.26,26.92,24.67,26.22
2022-12-19,26.45,26.59,25.42,26.04
2022-12-20,26.29,26.49,23.89,25.52
2022-12-21,24.82,27.72,23.22,23.89
2022-12-22,24.34,27.75,24.29,25.66
2022-12-23,25.65,26.33,23.49,24.45
2022-12-27,25.88,26.18,24.79,25.02
2022-12-28,24.96,25.99,23.42,25.61
2022-12-29,25.48,25.79,24.05,24.86
2022-12-30,25.58,25.99,24.66,25.07
2023-01-03,26.73,27.62,25.71,26.6
2023-01-04,26.49,26.88,24.69,25.89
2023-01-05,26.38,27.07,25.27,26.54
2023-01-06,25.88,26.19,24.28,24.96
2023-01-09,25.51,25.72,24.76,25.44
2023-01-10,25.53,25.77,23.88,24.0
2023-01-11,23.97,24.61,23.92,24.52
2023-01-12,23.23,23.68,21.78,22.29
2023-01-13,22.6,22.6,20.76,21.13
2023-01-17,22.61,22.81,21.76,21.99
2023-01-18,21.69,24.84,21.51,23.23
2023-01-19,23.98,24.65,22.82,23.54
2023-01-20,23.5,23.88,21.99,22.58
2023-01-23,23.11,23.3,22.07,22.52
2023-01-24,22.9,23.35,21.75,22.21
2023-01-25,23.05,23.88,21.84,21.93
2023-01-26,21.76,22.47,21.2,22.02
2023-01-27,22.1,22.1,20.8,21.63
2023-01-30,22.84,23.67,22.59,23.45
2023-01-31,23.53,24.0,22.6,23.01
2023-02-01,23.27,23.8,20.62,21.36
2023-02-02,20.98,23.04,20.35,22.2
2023-02-03,22.21,22.79,21.37,22.07
2023-02-06,23.19,24.33,22.87,23.5
2023-02-07,23.8,24.02,22.0,22.71
2023-02-08,22.99,24.28,22.74,23.74
2023-02-09,23.36,25.21,23.28,24.71
2023-02-10,25.3,25.71,23.91,24.4
2023-02-13,25.31,25.38,22.74,24.0
2023-02-14,23.44,23.57,21.37,22.38
2023-02-15,22.73,22.81,20.56,22.01
2023-02-16,23.39,23.91,22.15,23.88
2023-02-17,24.31,24.68,22.22,23.1
2023-02-21,25.67,26.85,24.85,26.47
2023-02-22,26.54,26.9,25.06,26.05
2023-02-23,25.34,26.35,24.24,24.98
2023-02-24,26.13,26.64,24.57,25.64
2023-02-27,25.6,25.66,24.59,25.09
2023-02-28,25.11,25.35,24.21,24.74
2023-03-01,24.84,25.32,23.04,24.5
2023-03-02,24.97,25.13,23.49,23.59
2023-03-03,23.47,23.55,22.09,22.46
2023-03-06,23.1,23.14,21.53,22.51
2023-03-07,22.77,23.24,21.25,23.04
2023-03-08,23.19,23.57,21.63,22.51
2023-03-09,22.6,26.74,22.28,26.06
2023-03-10,26.23,34.46,26.17,29.74
2023-03-13,34.57,35.85,31.37,32.58
2023-03-14,28.89,30.22,26.9,29.18
2023-03-15,32.98,35.24,31.84,32.35
2023-03-16,33.92,33.92,28.9,29.09
2023-03-17,29.74,32.98,29.02,32.56
2023-03-20,32.89,33.16,30.21,30.98
2023-03-21,29.18,30.11,27.74,28.04
2023-03-22,28.17,29.41,26.12,29.22
2023-03-23,27.8,32.03,26.74,29.97
2023-03-24,31.49,32.36,27.32,28.36
2023-03-27,28.26,28.3,26.15,27.09
2023-03-28,27.53,27.68,25.99,26.15
2023-03-29,25.45,25.94,24.72,25.02
2023-03-30,24.71,25.84,23.45,24.93
2023-03-31,24.56,24.89,23.56,24.03
2023-04-03,25.03,25.37,23.69,24.27
2023-04-04,24.65,26.62,23.18,25.33
2023-04-05,26.14,26.59,24.72,25.76
2023-04-06,26.0,26.42,23.66,24.6
2023-04-10,26.22,26.64,24.26,25.03
2023-04-11,25.15,25.47,23.54,24.93
2023-04-12,24.47,25.22,23.15,24.54
2023-04-13,24.09,24.39,22.01,23.02
2023-04-14,23.17,23.38,21.34,22.25
2023-04-17,23.0,23.06,21.83,22.09
2023-04-18,22.2,22.63,21.21,21.82
2023-04-19,22.12,22.29,21.11,21.54
2023-04-20,22.46,22.59,21.14,22.08
2023-04-21,22.17,22.67,20.97,21.75
2023-04-24,22.49,22.57,20.91,21.83
2023-04-25,22.71,25.33,22.42,24.65
2023-04-26,24.8,25.32,23.27,24.79
2023-04-27,23.94,23.94,21.36,22.27
2023-04-28,22.25,22.27,19.8,20.81
2023-05-01,21.66,21.73,20.15,21.08
2023-05-02,21.71,25.74,20.06,23.79
2023-05-03,23.66,24.65,21.37,24.28
2023-05-04,25.35,27.97,25.15,26.71
2023-05-05,24.87,24.87,22.04,23.71
2023-05-08,24.11,24.43,23.63,23.77
2023-05-09,24.5,25.09,23.99,24.14
2023-05-10,23.11,26.1,22.58,22.76
2023-05-11,23.61,24.28,22.31,22.9
2023-05-12,22.61,23.38,21.4,22.73
2023-05-15,23.45,23.71,21.37,22.6
2023-05-16,23.38,23.88,21.76,23.67
2023-05-17,23.22,23.68,22.02,22.54
2023-05-18,22.88,22.97,20.39,21.47
2023-05-19,21.29,23.02,21.18,22.64
2023-05-22,22.9,23.74,22.05,22.42
2023-05-23,23.2,25.33,22.42,23.94
2023-05-24,23.94,26.03,23.94,25.43
2023-05-25,24.86,26.03,24.68,25.42
2023-05-26,25.3,26.25,22.75,23.51
2023-05-30,23.41,24.06,22.48,23.49
2023-05-31,23.92,24.54,22.95,23.95
2023-06-01,23.66,23.74,20.64,21.6
2023-06-02,20.92,21.45,19.93,20.88
2023-06-05,21.49,21.94,20.39,21.57
2023-06-06,21.56,22.38,20.58,20.74
2023-06-07,20.89,21.87,19.96,21.26
2023-06-08,21.47,21.8,19.52,21.05
2023-06-09,21.03,21.27,19.84,20.31
2023-06-12,21.17,21.49,20.52,21.46
2023-06-13,21.27,22.1,18.96,20.58
2023-06-14,20.73,21.2,19.55,20.79
2023-06-15,20.91,20.96,19.44,20.37
2023-06-16,20.22,20.47,19.24,19.89
2023-06-20,21.12,21.12,18.69,20.49
2023-06-21,20.38,20.61,19.43,19.75
2023-06-22,20.12,20.28,17.9,19.43
2023-06-23,20.21,20.39,18.57,19.81
2023-06-26,20.8,20.8,18.55,20.23
2023-06-27,20.36,20.41,18.4,19.66
2023-06-28,19.85,19.98,19.18,19.23
2023-06-29,19.34,19.91,18.27,19.44
2023-06-30,19.34,19.37,17.78,18.79
2023-07-03,19.37,19.59,18.81,19.09
2023-07-05,20.09,20.15,18.32,19.44
2023-07-06,20.27,22.44,19.98,21.48
2023-07-07,21.25,21.35,19.87,20.26
2023-07-10,21.05,21.45,20.69,21.27
2023-07-11,21.07,21.59,21.02,21.21
2023-07-12,20.55,20.77,18.91,19.86
2023-07-13,19.91,19.91,18.06,19.54
2023-07-14,19.67,19.95,17.82,19.45
2023-07-17,20.12,20.21,18.56,19.97
2023-07-18,20.08,20.32,18.48,19.81
2023-07-19,19.86,20.25,19.31,19.85
2023-07-20,20.15,20.2,18.13,19.77
2023-07-21,19.69,19.76,17.66,19.31
2023-07-24,20.08,20.19,19.47,19.62
2023-07-25,19.81,19.99,19.39,19.65
2023-07-26,19.79,20.38,18.75,19.22
2023-07-27,19.15,20.32,18.6,20.09
2023-07-28,19.55,19.58,18.78,18.96
2023-07-31,19.53,19.75,18.12,19.29
2023-08-01,19.73,19.93,18.18,19.79
2023-08-02,21.23,21.5,20.82,21.15
2023-08-03,21.89,22.36,20.37,21.17
2023-08-04,20.87,22.11,19.98,21.62
2023-08-07,21.89,22.2,20.24,20.52
2023-08-08,21.51,22.96,19.93,21.03
2023-08-09,20.96,21.79,20.57,21.16
2023-08-10,20.58,21.4,19.62,20.74
2023-08-11,21.29,21.48,19.7,19.75
2023-08-14,21.12,21.26,18.87,19.73
2023-08-15,20.47,21.23,18.75,20.78
2023-08-16,20.76,21.62,19.72,21.27
2023-08-17,21.09,22.43,20.66,22.37
2023-08-18,23.24,23.24,20.76,21.79
2023-08-21,22.34,22.65,21.35,21.59
2023-08-22,21.52,22.0,20.63,21.36
2023-08-23,21.3,21.42,18.78,20.59
2023-08-24,20.6,21.44,19.47,21.3
2023-08-25,21.0,21.82,18.75,19.76
2023-08-28,20.0,20.2,19.41,19.52
2023-08-29,19.78,21.05,18.58,18.63
2023-08-30,18.72,19.53,17.97,18.0
2023-08-31,18.02,18.17,17.4,17.47
2023-09-01,16.93,18.68,16.83,16.94
2023-09-05,18.08,18.85,18.04,18.82
2023-09-06,18.94,19.63,17.77,19.06
2023-09-07,19.96,20.48,18.36,19.4
2023-09-08,19.55,19.61,17.7,18.63
2023-09-11,18.98,19.05,16.85,18.17
2023-09-12,18.36,18.39,17.79,18.21
2023-09-13,18.07,18.07,16.61,17.35
2023-09-14,17.15,17.38,15.68,16.51
2023-09-15,16.79,17.59,15.94,17.36
2023-09-18,18.25,18.31,16.83,17.83
2023-09-19,18.07,18.42,16.85,17.98
2023-09-20,17.82,18.94,16.0,18.93
2023-09-21,19.82,20.98,19.62,20.98
2023-09-22,20.43,20.79,19.57,20.61
2023-09-25,21.78,21.82,20.51,20.56
2023-09-26,21.29,22.74,20.98,21.87
2023-09-27,21.24,22.82,21.11,21.32
2023-09-28,21.66,22.05,20.03,20.66
2023-09-29,19.98,21.21,18.15,20.67
2023-10-02,21.51,23.33,20.19,21.85
2023-10-03,22.73,24.33,22.18,23.66
2023-10-04,23.68,24.48,21.56,23.07
2023-10-05,23.35,23.97,21.92,22.79
2023-10-06,23.07,23.47,21.12,21.48
2023-10-09,22.97,23.03,20.83,21.96
2023-10-10,21.89,22.09,20.06,21.11
2023-10-11,20.85,22.59,20.5,20.59
2023-10-12,20.58,23.09,20.56,21.59
2023-10-13,21.61,25.02,21.24,23.65
2023-10-16,22.98,23.08,20.67,21.89
2023-10-17,22.47,23.0,21.1,21.96
2023-10-18,22.75,24.9,22.56,24.11
2023-10-19,24.4,25.87,23.06,25.85
2023-10-20,25.53,26.35,24.03,26.06
2023-10-23,26.63,26.99,24.28,25.39
2023-10-24,24.8,26.21,23.17,23.9
2023-10-25,24.27,25.53,19.53,24.93
2023-10-26,25.1,26.02,24.59,25.01
2023-10-27,24.72,26.0,24.1,25.39
2023-10-30,24.87,25.28,22.85,24.52
2023-10-31,24.3,24.58,21.82,22.64
2023-11-01,22.47,22.96,20.96,21.67
2023-11-02,21.17,21.18,20.25,21.09
2023-11-03,20.59,22.54,20.57,21.44
2023-11-06,22.05,22.07,20.42,21.11
2023-11-07,21.23,21.42,19.19,20.54
2023-11-08,20.81,21.14,19.23,20.84
2023-11-09,20.87,21.46,19.8,21.39
2023-11-10,21.18,21.37,19.86,19.91
2023-11-13,21.15,21.98,20.36,20.64
2023-11-14,19.88,21.77,19.7,21.75
2023-11-15,21.87,22.85,20.28,21.56
2023-11-16,21.33,21.41,19.86,21.12
2023-11-17,20.94,23.07,20.51,20.89
2023-11-20,21.54,21.54,19.27,20.81
2023-11-21,20.89,21.01,18.58,20.2
2023-11-22,20.12,20.58,18.4,19.6
2023-11-24,20.0,20.03,18.88,19.24
2023-11-27,20.09,20.15,18.31,19.54
2023-11-28,19.6,19.92,17.65,19.5
2023-11-29,19.63,20.82,18.64,20.27
2023-11-30,20.53,20.97,19.21,20.18
2023-12-01,20.31,20.86,19.28,20.6
2023-12-04,21.04,21.51,20.45,20.96
2023-12-05,21.11,22.11,19.64,21.03
2023-12-06,20.89,21.34,19.99,20.72
2023-12-07,21.0,21.5,20.37,21.33
2023-12-08,21.04,21.09,19.18,20.26
2023-12-11,21.19,21.97,19.38,20.74
2023-12-12,20.44,20.44,18.25,19.42
2023-12-13,19.69,20.63,17.81,19.82
2023-12-14,20.22,21.6,20.14,21.19
2023-12-15,21.61,21.84,20.52,21.17
2023-12-18,21.76,21.92,20.35,20.97
2023-12-19,21.17,21.43,20.96,21.36
2023-12-20,21.47,22.99,20.79,22.96
2023-12-21,23.1,23.88,22.74,22.74
2023-12-22,22.8,23.55,21.43,22.34
2023-12-26,23.67,23.68,21.34,22.54
2023-12-27,22.58,22.58,20.33,21.66
2023-12-28,21.78,22.18,20.14,21.68
2023-12-29,21.86,22.17,20.06,21.48
2024-01-02,23.14,23.42,21.07,22.59
2024-01-03,23.29,24.55,22.57,24.48
2024-01-04,24.53,24.9,22.99,23.65
2024-01-05,23.5,23.56,21.38,22.42
2024-01-08,23.28,23.33,21.64,21.67
2024-01-09,22.16,23.6,21.49,21.7
2024-01-10,21.87,22.58,21.69,21.72
2024-01-11,20.51,21.8,20.36,20.82
2024-01-12,21.05,21.48,19.31,20.95
2024-01-16,22.13,22.75,21.14,22.37
2024-01-17,23.25,23.46,22.12,22.69
2024-01-18,22.46,23.17,21.15,22.11
2024-01-19,22.02,22.46,20.39,21.54
2024-01-22,22.37,22.79,21.17,21.61
2024-01-23,21.6,21.69,20.61,21.14
2024-01-24,21.27,23.01,20.13,21.76
2024-01-25,20.37,22.47,20.37,22.44
2024-01-26,22.73,23.68,20.72,21.75
2024-01-29,22.37,23.31,21.38,23.07
2024-01-30,23.09,25.13,21.45,22.74
2024-01-31,22.82,24.04,21.58,23.1
2024-02-01,22.71,24.05,22.33,23.47
2024-02-02,23.51,23.67,21.97,22.94
2024-02-05,23.97,24.78,22.06,23.66
2024-02-06,23.73,25.47,22.18,22.76
2024-02-07,22.79,23.38,20.75,22.51
2024-02-08,22.68,22.78,22.09,22.16
2024-02-09,22.27,22.39,21.56,21.89
2024-02-12,22.71,23.17,22.71,23.08
2024-02-13,23.45,26.18,23.45,25.34
2024-02-14,24.54,24.95,23.82,24.23
2024-02-15,24.43,25.05,24.11,24.74
2024-02-16,25.05,25.14,24.24,24.9
2024-02-20,26.4,26.53,25.37,26.14
2024-02-21,26.72,26.72,24.97,25.94
2024-02-22,25.5,25.52,23.68,24.7
2024-02-23,24.7,24.73,23.21,23.46
2024-02-26,24.32,24.41,23.51,23.54
2024-02-27,23.88,23.95,22.96,23.43
2024-02-28,23.62,23.7,23.15,23.58
2024-02-29,23.65,23.96,22.24,23.58
2024-03-01,23.61,25.85,22.48,23.31
2024-03-04,23.93,23.99,23.13,23.34
2024-03-05,23.82,24.05,22.86,23.87
2024-03-06,23.61,24.89,22.33,23.76
2024-03-07,23.85,24.19,23.25,23.49
2024-03-08,23.15,23.74,22.73,23.03
2024-03-11,24.48,24.5,23.27,23.9
2024-03-12,22.66,22.73,20.89,20.9
2024-03-13,21.08,21.13,20.12,20.43
2024-03-14,20.55,22.44,19.3,21.72
2024-03-15,21.99,25.08,21.33,21.39
2024-03-18,21.9,21.95,21.43,21.75
2024-03-19,21.77,21.99,21.26,21.3
2024-03-20,21.61,21.93,20.49,20.63
2024-03-21,20.85,20.86,19.68,19.74
2024-03-22,20.0,20.34,19.87,20.24
2024-03-25,21.06,21.06,19.61,20.23
2024-03-26,20.27,20.33,18.86,19.76
2024-03-27,19.7,19.95,19.41,19.54
2024-03-28,19.81,19.93,18.29,19.61
2024-04-01,20.96,21.24,19.12,20.92
2024-04-02,21.8,22.64,21.8,22.2
2024-04-03,22.7,23.53,21.11,21.75
2024-04-04,21.43,23.45,20.57,22.89
2024-04-05,23.23,23.49,21.63,22.55
2024-04-08,23.16,23.25,22.28,22.31
2024-04-09,22.63,23.67,22.49,22.54
2024-04-10,22.95,27.25,21.49,23.27
2024-04-11,23.42,23.72,21.76,21.8
2024-04-12,23.05,24.7,21.59,23.86
2024-04-15,23.97,25.67,23.41,25.47
2024-04-16,25.76,26.11,24.58,25.21
2024-04-17,24.92,27.84,24.11,24.91
2024-04-18,24.67,25.16,24.1,24.4
2024-04-19,25.77,25.77,24.36,24.48
2024-04-22,24.8,24.98,23.44,23.63
2024-04-23,23.72,23.75,21.32,22.4
2024-04-24,22.58,23.05,22.01,22.34
2024-04-25,23.15,24.46,21.65,22.16
2024-04-26,22.25,25.25,20.97,21.04
2024-04-29,21.61,21.85,20.62,20.63
2024-04-30,21.21,24.12,20.57,21.48
2024-05-01,21.87,23.19,20.39,21.05
2024-05-02,20.69,23.9,20.43,20.69
2024-05-03,19.99,22.49,19.2,20.01
2024-05-06,20.64,20.96,20.09,20.22
2024-05-07,20.36,20.53,19.49,20.03
2024-05-08,20.29,20.35,19.22,19.57
2024-05-09,19.83,19.84,18.6,18.94
2024-05-10,19.14,19.31,18.88,18.99
2024-05-13,20.3,21.11,20.04,21.06
2024-05-14,21.09,21.74,20.77,21.01
2024-05-15,19.72,21.13,17.99,18.93
2024-05-16,18.92,18.96,17.08,18.37
2024-05-17,18.27,18.58,17.68,18.42
2024-05-20,19.04,19.09,17.97,18.05
2024-05-21,18.3,18.32,17.57,17.57
2024-05-22,17.89,20.56,17.51,18.07
2024-05-23,17.95,19.91,17.21,18.92
2024-05-24,18.82,18.91,17.2,17.73
2024-05-28,18.73,19.35,18.54,18.88
2024-05-29,19.92,20.34,19.74,20.2
2024-05-30,20.03,20.48,18.06,20.17
2024-05-31,19.78,21.05,18.76,18.85
2024-06-03,19.46,23.49,17.97,19.44
2024-06-04,20.05,20.52,18.48,20.29
2024-06-05,20.12,21.15,19.18,19.67
2024-06-06,19.87,19.95,19.44,19.67
2024-06-07,19.82,19.88,18.83,19.27
2024-06-10,20.42,20.48,18.83,19.72
2024-06-11,20.06,20.57,19.49,20.41
2024-06-12,19.58,19.78,17.66,18.97
2024-06-13,18.95,19.73,18.37,19.17
2024-06-14,19.96,21.09,19.02,20.72
2024-06-17,21.69,21.69,20.18,20.46
2024-06-18,20.56,20.66,19.53,19.62
2024-06-20,20.26,20.42,18.16,19.74
2024-06-21,20.09,20.16,18.9,19.12
2024-06-24,19.95,20.01,19.18,19.41
2024-06-25,19.69,19.69,18.46,19.08
2024-06-26,19.43,19.58,18.2,18.86
2024-06-27,19.19,19.21,17.98,18.56
2024-06-28,18.89,19.52,17.59,18.22
2024-07-01,19.17,19.83,17.8,18.36
2024-07-02,18.84,18.88,17.47,18.25
2024-07-03,18.22,20.21,16.43,18.25
2024-07-05,18.63,18.72,17.74,17.9
2024-07-08,18.3,18.49,18.08,18.15
2024-07-09,18.2,18.82,18.13,18.49
2024-07-10,18.52,21.31,18.39,18.89
2024-07-11,18.21,21.18,18.21,20.88
2024-07-12,21.24,21.38,19.05,20.71
2024-07-15,21.8,22.74,21.53,21.78
2024-07-16,21.95,24.27,21.94,23.98
2024-07-17,24.64,26.44,23.43,23.95
2024-07-18,24.07,24.78,23.52,24.33
2024-07-19,24.56,26.9,24.28,24.4
2024-07-22,24.6,27.07,23.06,23.76
2024-07-23,23.95,24.81,23.38,23.86
2024-07-24,24.15,26.24,24.14,25.8
2024-07-25,26.56,30.38,25.86,26.85
2024-07-26,26.57,27.24,25.03,25.11
2024-07-29,26.16,26.69,25.68,25.9
2024-07-30,25.93,26.88,25.04,26.21
2024-07-31,25.94,27.52,24.75,26.02
2024-08-01,25.62,29.26,25.62,27.35
2024-08-02,29.91,36.04,28.91,30.67
2024-08-05,47.76,47.76,29.97,42.09
2024-08-06,39.67,39.92,30.11,33.58
2024-08-07,31.12,34.86,29.4,33.8
2024-08-08,33.12,33.31,29.81,30.1
2024-08-09,30.5,30.81,27.25,27.33
2024-08-12,28.03,28.62,26.55,28.11
2024-08-13,27.42,27.52,26.47,26.89
2024-08-14,25.67,26.48,23.93,24.21
2024-08-15,23.32,24.33,23.18,23.33
2024-08-16,23.54,24.08,22.03,22.06
2024-08-19,23.32,23.39,22.0,22.11
2024-08-20,22.48,23.71,22.35,23.7
2024-08-21,23.85,24.75,23.36,24.48
2024-08-22,24.41,25.56,22.31,25.2
2024-08-23,24.92,25.52,23.2,23.91
2024-08-26,24.56,25.17,24.45,24.71
2024-08-27,25.13,25.15,23.4,24.12
2024-08-28,24.37,25.82,24.11,24.92
2024-08-29,24.31,24.39,22.97,24.03
2024-08-30,23.89,24.82,22.55,23.09
2024-09-03,25.02,27.94,24.91,27.08
2024-09-04,28.22,28.41,25.9,27.57
2024-09-05,27.63,28.45,26.44,27.39
2024-09-06,26.21,29.03,25.86,28.2
2024-09-09,27.71,27.78,25.92,26.48
2024-09-10,26.59,28.16,26.3,26.93
2024-09-11,26.55,28.2,24.73,25.03
2024-09-12,25.04,25.65,24.24,24.47
2024-09-13,24.65,26.73,24.3,25.43
2024-09-16,26.12,26.45,25.77,25.86
2024-09-17,25.95,26.33,25.74,26.1
2024-09-18,26.74,29.75,23.79,25.81
2024-09-19,24.51,26.07,23.0,23.24
2024-09-20,23.09,23.16,21.29,21.75
2024-09-23,21.93,22.59,20.93,21.05
2024-09-24,21.27,21.54,20.38,20.78
2024-09-25,20.86,21.4,20.65,21.38
2024-09-26,21.32,21.58,20.74,20.78
2024-09-27,20.91,21.67,20.09,21.66
2024-09-30,22.57,23.12,22.1,22.16
2024-10-01,22.54,24.19,22.54,23.23
2024-10-02,23.63,24.02,22.85,22.89
2024-10-03,23.57,24.25,23.28,24.06
2024-10-04,23.64,24.25,23.08,23.19
2024-10-07,25.49,26.47,25.16,26.01
2024-10-08,26.11,26.33,25.65,25.87
2024-10-09,26.36,26.5,26.0,26.44
2024-10-10,26.75,26.79,26.23,26.31
2024-10-11,26.53,27.75,25.9,26.07
2024-10-14,27.23,27.33,26.59,26.92
2024-10-15,27.16,27.9,26.76,27.59
2024-10-16,27.9,28.2,27.52,27.52
2024-10-17,27.51,27.63,26.34,26.38
2024-10-18,26.56,26.79,25.78,26.09
2024-10-21,26.57,27.3,26.4,26.62
2024-10-22,27.02,27.11,25.97,26.04
2024-10-23,26.01,26.85,25.69,26.08
2024-10-24,26.35,26.77,25.78,26.02
2024-10-25,26.09,27.2,25.89,26.82
2024-10-28,27.22,27.88,26.72,27.51
2024-10-29,28.3,28.61,26.99,27.35
2024-10-30,28.02,28.17,27.24,27.65
2024-10-31,28.44,29.59,27.75,29.08
2024-11-01,28.27,28.71,27.56,28.18
2024-11-04,28.32,28.67,27.43,27.65
2024-11-05,27.63,27.86,26.96,27.26
2024-11-06,21.77,22.89,20.23,20.98
2024-11-07,24.21,24.25,22.21,22.43
2024-11-08,22.14,22.26,21.43,21.74
2024-11-11,22.82,23.19,22.54,22.75
2024-11-12,22.92,23.36,22.63,22.9
2024-11-13,22.55,22.55,21.48,21.8
2024-11-14,21.98,22.13,21.41,21.89
2024-11-15,22.61,23.48,22.29,22.37
2024-11-18,23.86,23.91,22.78,22.9
2024-11-19,24.37,24.41,23.0,24.08
2024-11-20,24.81,26.44,24.56,24.85
2024-11-21,24.11,25.6,24.11,24.53
2024-11-22,24.33,24.39,23.05,23.4
2024-11-25,23.01,23.69,22.88,23.06
2024-11-26,23.2,23.21,22.51,22.68
2024-11-27,22.58,23.2,22.4,22.73
2024-11-29,23.19,23.37,22.22,22.36
2024-12-02,22.81,23.02,22.05,22.15
2024-12-03,22.62,23.28,21.53,21.54
2024-12-04,21.53,22.11,20.88,21.07
2024-12-05,21.15,21.47,20.95,21.35
2024-12-06,20.95,20.96,20.02,20.07
2024-12-09,21.08,21.57,20.95,21.46
2024-12-10,21.65,21.89,21.22,21.57
2024-12-11,20.87,21.29,20.47,21.16
2024-12-12,21.25,21.54,20.99,21.33
2024-12-13,21.32,21.45,21.0,21.32
2024-12-16,22.72,23.98,22.49,23.02
2024-12-17,23.51,24.02,23.07,24.01
2024-12-18,24.38,33.02,23.07,32.76
2024-12-19,27.63,30.31,26.69,29.9
2024-12-20,29.9,29.9,24.63,25.54
2024-12-23,25.39,26.17,23.31,23.41
2024-12-24,23.31,23.38,21.17,21.36
2024-12-26,22.39,22.61,21.39,21.64
2024-12-27,22.57,24.32,22.17,22.35
2024-12-30,24.65,25.82,22.84,23.59
2024-12-31,23.53,24.13,22.78,23.57
2025-01-02,23.91,25.05,23.26,23.72
2025-01-03,23.11,24.62,21.76,21.9
2025-01-06,22.27,22.34,21.61,21.72
2025-01-07,21.56,23.57,21.54,22.53
2025-01-08,23.62,24.11,22.85,23.27
2025-01-10,24.79,25.64,24.2,24.51
2025-01-13,26.25,26.27,24.46,24.79
2025-01-14,24.54,25.08,24.06,24.39
2025-01-15,22.37,22.74,21.45,21.47
2025-01-16,21.45,21.77,20.57,21.04
2025-01-17,20.65,20.92,20.21,20.75
2025-01-21,21.88,21.95,20.52,20.87
2025-01-22,21.07,21.15,20.35,20.47
2025-01-23,20.62,20.62,20.02,20.17
2025-01-24,20.2,21.71,19.71,20.09
2025-01-27,23.23,23.23,21.14,21.92
2025-01-28,21.64,22.54,20.79,21.05
2025-01-29,21.24,23.17,19.07,20.85
2025-01-30,20.08,21.36,19.42,21.1
2025-01-31,20.51,22.2,19.31,21.65
2025-02-03,23.66,24.58,22.28,23.22
2025-02-04,22.62,22.74,20.85,21.21
2025-02-05,21.0,21.16,20.03,20.2
2025-02-06,20.28,21.31,20.07,20.23
2025-02-07,19.54,20.72,19.03,20.5
2025-02-10,20.76,21.04,19.95,20.12
2025-02-11,20.62,20.64,19.82,20.01
2025-02-12,20.81,20.84,19.61,19.94
2025-02-13,19.86,19.96,19.2,19.25
2025-02-14,19.25,19.34,18.63,19.09
2025-02-18,20.46,20.8,19.86,20.11
2025-02-19,20.79,20.8,19.48,19.76
2025-02-20,19.91,21.27,19.85,20.11
2025-02-21,19.94,23.74,19.94,23.04
2025-02-24,22.39,24.32,21.76,23.09
2025-02-25,23.23,24.52,22.63,23.14
2025-02-26,23.14,23.69,22.2,22.89
2025-02-27,22.95,25.11,22.89,25.01
2025-02-28,25.38,25.84,23.37,23.72
2025-03-03,23.93,26.86,23.78,26.15
2025-03-04,27.48,29.13,25.89,27.19
2025-03-05,29.07,31.38,27.04,27.33
2025-03-06,28.73,30.36,27.9,29.5
2025-03-07,29.02,29.61,27.27,27.59
2025-03-10,29.28,31.17,28.64,30.37
2025-03-11,30.25,31.19,29.03,29.74
2025-03-12,28.03,28.65,27.15,27.61
2025-03-13,27.95,28.66,27.12,27.65
2025-03-14,27.42,28.19,25.91,26.15
2025-03-17,27.0,27.0,25.33,25.71
2025-03-18,26.56,27.27,26.08,26.31
2025-03-19,26.11,27.29,23.95,24.74
2025-03-20,25.59,25.61,23.66,24.17
2025-03-21,24.78,25.02,23.27,23.5
2025-03-24,23.16,23.16,22.22,22.37
2025-03-25,22.2,22.4,21.58,21.87
2025-03-26,21.92,23.32,21.63,22.67
2025-03-27,23.04,23.61,21.84,22.57
2025-03-28,23.14,25.18,22.89,24.54
2025-03-31,26.43,27.43,25.22,25.71
2025-04-01,26.23,27.22,25.37,26.01
2025-04-02,27.62,27.64,16.19,25.53
2025-04-03,29.36,32.89,28.92,32.89
2025-04-04,36.75,41.26,36.47,40.63
2025-04-07,46.65,48.34,39.01,44.07
2025-04-08,39.64,47.51,37.21,45.22
2025-04-09,45.31,46.03,22.08,35.76
2025-04-10,38.5,47.67,37.49,41.26
2025-04-11,43.52,44.63,39.23,39.98
2025-04-14,36.48,38.0,33.46,34.41
2025-04-15,34.19,34.25,32.13,33.06
2025-04-16,34.85,36.39,32.18,34.3
2025-04-17,33.03,34.24,32.27,32.57
2025-04-21,34.26,36.6,34.17,35.26
2025-04-22,33.62,34.29,32.06,32.48
2025-04-23,30.05,32.78,29.74,31.31
2025-04-24,30.75,30.86,29.64,29.86
2025-04-25,30.12,31.81,28.44,30.14
2025-04-28,29.17,30.42,28.77,29.16
2025-04-29,29.41,29.69,27.59,28.14
2025-04-30,30.16,32.66,27.14,28.45
2025-05-01,27.94,28.71,27.12,28.46
2025-05-02,26.56,27.93,25.97,26.47
2025-05-05,27.33,28.92,26.09,27.04
2025-05-06,28.12,28.23,26.93,27.92
2025-05-07,28.07,28.6,26.41,26.46
2025-05-08,25.99,26.5,24.86,25.85
2025-05-09,25.59,26.08,25.17,25.47
2025-05-12,22.74,23.85,21.26,21.54
2025-05-13,20.9,21.16,20.52,21.09
2025-05-14,21.16,21.73,21.06,21.52
2025-05-15,22.79,22.84,21.38,21.61
2025-05-16,21.73,21.8,20.93,21.23
2025-05-19,23.38,23.5,22.27,22.44
2025-05-20,22.52,22.9,21.94,22.42
2025-05-21,23.2,27.03,22.64,26.64
2025-05-22,26.71,28.13,24.99,25.71
2025-05-23,28.93,28.93,26.2,27.07
2025-05-27,24.93,25.28,23.13,23.34
2025-05-28,23.4,24.15,23.27,23.84
2025-05-29,24.08,24.83,23.62,23.81
2025-05-30,24.28,24.85,23.01,23.18
2025-06-02,23.58,24.62,23.24,23.24
2025-06-03,23.07,23.69,22.96,23.56
2025-06-04,23.42,24.32,23.08,23.45
2025-06-05,23.58,24.61,22.97,24.08
2025-06-06,22.75,22.75,22.15,22.3
2025-06-09,23.05,23.14,22.48,22.92
2025-06-10,22.78,23.08,22.47,22.65
2025-06-11,22.03,23.04,21.38,22.47
2025-06-12,23.09,23.25,21.76,22.59
2025-06-13,24.22,26.2,23.64,25.3
2025-06-16,24.45,24.63,23.36,23.53
2025-06-17,24.38,26.9,23.93,26.44
2025-06-18,26.56,27.23,24.34,24.73
2025-06-20,23.78,25.78,23.72,25.18
2025-06-23,25.17,26.33,23.93,24.25
2025-06-24,23.2,24.02,22.27,22.58
2025-06-25,22.38,22.96,22.21,22.34
2025-06-26,22.17,22.58,21.84,22.11
2025-06-27,21.96,23.16,21.91,22.15
2025-06-30,22.97,23.31,22.75,22.96
2025-07-01,23.23,23.72,22.9,23.28
2025-07-02,23.81,23.96,23.08,23.43
2025-07-03,23.09,24.08,22.23,22.45
2025-07-07,23.34,24.85,23.18,24.24
2025-07-08,23.56,23.84,23.35,23.52
2025-07-09,22.97,24.06,22.46,22.54
2025-07-10,22.96,23.0,22.22,22.34
2025-07-11,23.33,23.38,22.51,23.11
2025-07-14,23.98,24.22,23.69,24.07
2025-07-15,23.44,24.54,23.34,24.47
2025-07-16,23.96,26.82,23.76,24.18
2025-07-17,24.21,24.21,23.4,23.4
2025-07-18,23.41,24.25,22.96,23.92
2025-07-21,24.41,24.63,23.62,24.52
2025-07-22,24.73,25.21,23.89,24.04
2025-07-23,23.91,23.96,22.62,22.9
2025-07-24,22.87,22.95,22.27,22.85
2025-07-25,22.97,23.08,22.15,22.46
2025-07-28,22.76,22.92,22.41,22.65
2025-07-29,22.45,23.32,22.16,23.18
2025-07-30,23.28,24.52,22.49,23.34
2025-07-31,22.95,25.09,22.72,24.67
2025-08-01,25.8,28.54,25.8,26.92
2025-08-04,25.56,25.62,24.45,24.47
2025-08-05,24.55,25.49,23.98,24.57
2025-08-06,24.74,24.74,23.67,24.01
2025-08-07,23.66,24.56,23.31,23.94
2025-08-08,23.62,23.75,22.9,22.9
2025-08-11,23.79,24.11,23.47,23.93
2025-08-12,22.8,22.8,21.64,21.85
2025-08-13,21.68,21.68,21.17,21.3
2025-08-14,22.58,22.76,22.07,22.34
2025-08-15,22.54,22.94,22.06,22.2
2025-08-18,23.32,23.32,22.32,22.43
2025-08-19,22.58,23.5,22.47,23.26
2025-08-20,23.61,24.36,23.25,23.45
2025-08-21,24.2,24.42,23.58,24.03
2025-08-22,23.94,24.19,21.91,22.32
2025-08-25,22.91,22.95,21.9,22.38
2025-08-26,22.74,23.95,22.06,22.24
2025-08-27,22.52,22.52,22.13,22.33
2025-08-28,22.2,22.33,21.58,21.94
2025-08-29,22.07,22.83,21.69,22.05
2025-09-02,24.96,25.07,23.81,23.83
2025-09-03,23.92,24.94,23.29,23.37
2025-09-04,23.26,24.28,22.63,22.84
2025-09-05,22.14,23.45,21.27,21.44
2025-09-08,21.86,22.07,21.46,21.79
2025-09-09,22.01,23.02,21.84,22.29
2025-09-10,22.16,23.0,21.69,22.12
2025-09-11,21.98,21.98,21.45,21.61
2025-09-12,22.07,22.42,21.48,21.82
2025-09-15,22.67,23.24,22.38,23.19
2025-09-16,23.34,24.04,23.27,23.58
2025-09-17,23.53,24.93,21.84,22.77
2025-09-18,22.22,22.36,21.67,22.18
2025-09-19,22.04,22.27,21.54,21.71
2025-09-22,22.42,22.6,22.1,22.6
2025-09-23,22.59,23.48,22.46,23.15
2025-09-24,22.9,24.1,22.79,23.06
2025-09-25,23.89,24.33,23.1,23.12
2025-09-26,23.21,23.21,21.59,21.63
2025-09-29,22.86,22.95,22.36,22.43
2025-09-30,22.8,23.57,22.25,22.62
2025-10-01,22.93,25.04,22.17,22.31
2025-10-02,22.12,22.9,21.91,22.3
2025-10-03,22.17,22.93,22.06,22.07
2025-10-06,22.56,22.85,21.98,22.16
2025-10-07,22.22,23.32,22.12,22.78
2025-10-08,22.76,22.82,21.97,22.02
2025-10-09,22.17,22.76,22.01,22.08
2025-10-10,22.09,26.89,21.87,25.67
2025-10-13,24.91,25.36,23.7,24.12
2025-10-14,26.13,26.99,24.27,25.51
2025-10-15,24.64,26.43,24.16,25.04
2025-10-16,25.08,28.93,25.0,28.81
2025-10-17,28.93,29.23,26.15,26.19
2025-10-20,25.85,25.86,24.11,24.13
2025-10-21,24.64,24.74,23.56,23.83
2025-10-22,24.29,26.25,24.18,24.85
2025-10-23,25.04,25.11,23.49,23.56
2025-10-24,22.77,22.77,21.97,22.42
2025-10-27,22.47,23.16,21.97,22.8
2025-10-28,22.96,23.24,22.62,23.15
2025-10-29,23.43,24.75,21.36,23.25
2025-10-30,22.95,23.62,22.67,23.14
2025-10-31,22.95,24.35,22.77,23.41
2025-11-03,23.85,25.3,23.62,23.76
2025-11-04,25.22,25.54,24.08,24.82
2025-11-05,24.64,24.75,23.36,23.85
2025-11-06,24.26,25.48,24.16,25.02
2025-11-07,26.01,27.07,24.86,24.88
2025-11-10,24.72,24.75,23.81,24.02
2025-11-11,24.29,24.36,23.42,23.64
2025-11-12,23.72,24.35,23.71,23.88
2025-11-13,24.5,27.16,24.4,26.23
2025-11-14,28.42,28.86,25.39,25.69
2025-11-17,27.24,29.46,26.25,28.1
2025-11-18,29.12,30.46,28.0,29.03
2025-11-19,28.93,29.04,26.56,27.82
2025-11-20,24.48,30.33,23.97,29.59
2025-11-21,28.44,30.36,26.61,27.1
2025-11-24,26.56,26.68,24.9,24.94
2025-11-25,24.89,25.88,23.13,23.36
2025-11-26,23.17,23.44,21.76,22.07
2025-11-28,22.23,22.76,21.15,21.48
2025-12-01,23.0,23.01,21.85,22.33
2025-12-02,21.95,22.07,21.44,21.56
2025-12-03,21.68,22.63,20.97,21.1
2025-12-04,21.38,21.72,21.13,21.29
2025-12-05,21.46,21.51,20.78,20.79
2025-12-08,21.71,22.28,21.67,22.0
2025-12-09,22.4,24.38,21.84,22.11
2025-12-10,22.44,22.51,20.46,20.67
2025-12-11,21.11,21.43,20.12,20.14
2025-12-12,20.43,22.01,20.15,20.35
2025-12-15,21.04,21.7,20.78,21.21
2025-12-16,21.33,21.73,20.5,20.73
2025-12-17,20.86,21.89,20.55,21.61
2025-12-18,20.57,21.09,20.16,20.49
2025-12-19,20.22,20.22,18.88,18.92
2025-12-22,19.41,19.43,18.59,18.69
2025-12-23,18.9,20.06,18.18,18.42
2025-12-24,18.57,18.77,18.0,18.13
2025-12-26,19.07,19.27,18.28,18.52
2025-12-29,19.89,19.89,18.87,19.18
2025-12-30,19.36,19.75,18.97,19.3
2025-12-31,19.58,19.75,19.02,19.43
2026-01-02,19.43,19.97,19.0,19.31
2026-01-05,19.81,19.96,19.31,19.91
2026-01-06,20.07,20.15,19.53,19.97
2026-01-07,20.18,20.32,19.72,20.06
2026-01-08,20.47,20.63,20.1,20.33
2026-01-09,20.35,20.82,19.27,19.33
2026-01-12,21.15,21.2,19.83,19.92
2026-01-13,19.78,20.43,19.47,20.22
2026-01-14,20.94,21.85,20.43,20.59
2026-01-15,20.32,20.4,19.76,20.09
2026-01-16,20.22,21.06,19.95,20.23
2026-01-20,23.26,24.53,22.58,23.83
2026-01-21,23.05,23.76,21.78,21.88
2026-01-22,21.12,21.82,20.99,21.29
2026-01-23,21.56,22.46,20.63,21.58
2026-01-26,22.45,22.45,21.44,21.82
2026-01-27,21.97,22.18,21.22,21.39
2026-01-28,21.36,22.94,19.8,21.35
2026-01-29,21.86,24.09,21.82,22.41
2026-01-30,23.18,25.07,22.38,22.85
2026-02-02,23.4,23.49,21.49,22.0
2026-02-03,21.72,24.44,21.65,23.03
2026-02-04,22.99,25.61,22.91,24.12
2026-02-05,25.84,27.35,25.35,26.48
2026-02-06,25.36,25.36,23.03,23.41
2026-02-09,24.77,24.77,22.77,23.22
2026-02-10,23.32,23.61,22.55,23.13
2026-02-11,22.42,24.2,22.17,22.99
2026-02-12,22.76,26.35,22.57,26.15
2026-02-13,26.15,27.34,24.39,25.64
2026-02-17,26.85,28.16,25.51,25.93
2026-02-18,26.23,26.23,24.31,25.3
2026-02-19,26.27,26.83,25.64,26.4
2026-02-20,27.42,27.42,24.39,25.31
2026-02-23,26.42,27.94,25.88,27.35
2026-02-24,27.87,27.99,25.64,25.82
2026-02-25,25.33,25.41,24.22,24.26
2026-02-26,24.52,26.14,24.16,24.59
2026-02-27,26.45,27.08,25.68,25.91
2026-03-02,28.44,28.44,25.7,26.49
2026-03-03,29.52,31.78,27.24,28.28
2026-03-04,27.22,28.16,25.61,26.19
2026-03-05,27.23,30.34,26.19,28.19
2026-03-06,31.47,32.77,29.9,32.63
2026-03-09,33.97,35.19,29.76,30.49
2026-03-10,29.34,31.26,27.8,30.4
2026-03-11,30.21,31.24,29.14,30.01
2026-03-12,31.99,32.87,31.37,32.84
2026-03-13,31.6,33.23,30.75,33.02
2026-03-16,31.49,31.49,29.39,29.89
2026-03-17,28.94,29.48,27.91,28.52
2026-03-18,29.86,31.1,28.93,31.03
2026-03-19,32.63,32.83,28.77,30.04
2026-03-20,30.43,34.57,30.0,32.88
2026-03-23,31.49,32.74,29.68,32.03
2026-03-24,33.02,33.47,31.54,33.03
2026-03-25,31.85,33.02,31.07,31.65
2026-03-26,32.81,33.83,32.47,33.19
2026-03-27,34.19,35.28,33.44,34.51
2026-03-30,34.2,35.19,33.83,34.6
2026-03-31,33.16,33.23,30.74,30.76
2026-04-01,30.54,30.91,29.16,30.55
2026-04-02,32.67,32.67,29.07,29.11
2026-04-06,29.84,30.02,28.86,29.22
2026-04-07,30.03,32.69,30.0,31.22
2026-04-08,26.02,27.98,25.32,26.35
2026-04-09,26.81,26.82,24.8,24.84
2026-04-10,24.68,25.33,24.04,24.55
2026-04-13,25.63,25.95,24.04,24.35
2026-04-14,23.82,24.01,23.32,23.71
2026-04-15,23.5,23.82,23.1,23.65
2026-04-16,23.75,24.33,23.46,23.6
2026-04-17,23.19,23.86,23.01,23.31
2026-04-20,24.77,25.39,24.27,24.71
2026-04-21,24.98,27.52,24.87,25.87
2026-04-22,25.66,25.84,24.97,25.08
2026-04-23,25.32,27.8,24.65,25.58
2026-04-24,25.08,25.86,24.24,24.49
2026-04-27,24.89,25.5,24.11,24.11
2026-04-28,24.87,24.91,23.43,23.43
2026-04-29,24.16,25.13,24.1,24.51
2026-04-30,24.26,24.52,22.92,23.02
2026-05-01,23.23,23.23,22.2,22.94
2026-05-04,23.89,25.48,23.17,24.5
2026-05-05,23.55,23.62,22.93,23.22
2026-05-06,22.61,22.87,22.07,22.2
2026-05-07,22.7,23.59,22.25,22.77
2026-05-08,22.69,23.32,22.33,22.4
2026-05-11,23.57,24.02,23.43,23.86
2026-05-12,24.39,24.88,23.59,23.85
2026-05-13,24.02,24.55,23.86,24.13
2026-05-14,24.12,24.21,23.3,23.3
2026-05-15,24.81,25.5,24.37,25.01
2026-05-18,25.14,25.8,24.62,24.63
2026-05-19,25.4,25.56,24.38,24.84
2026-05-20,24.73,24.87,24.22,24.39
2026-05-21,25.02,25.02,23.99,24.14
2026-05-22,24.0,24.28,23.78,24.2
2026-05-26,24.45,24.68,24.07,24.13
2026-05-27,24.31,24.71,23.38,23.38
2026-05-28,23.96,24.05,22.72,22.75
2026-05-29,23.14,23.87,21.87,22.03
2026-06-01,23.39,23.66,22.44,22.92
2026-06-02,23.01,23.18,22.72,22.76
2026-06-03,23.29,23.44,22.85,23.27
2026-06-04,23.9,23.9,22.45,22.68
2026-06-05,23.33,26.33,23.13,26.32
2026-06-08,24.87,25.44,24.4,24.9
2026-06-09,24.04,28.61,24.02,26.21
2026-06-10,26.68,28.68,26.14,28.32
2026-06-11,27.88,28.28,25.36,25.96
2026-06-12,25.67,26.37,23.44,24.27
2026-06-15,24.02,24.02,22.75,23.18
2026-06-16,23.43,23.51,22.65,23.04
2026-06-17,22.96,25.41,22.64,24.85
2026-06-18,23.27,23.96,22.63,22.86
2026-06-22,23.24,24.29,23.05,23.61
2026-06-23,25.77,25.82,24.53,25.06
2026-06-24,25.22,25.57,23.91,24.65
2026-06-25,23.65,25.62,23.65,24.64
2026-06-26,25.7,25.93,23.91,23.96
2026-06-29,24.97,24.98,23.16,23.24
2026-06-30,23.54,23.67,21.43,21.72
2026-07-01,22.01,22.31,20.99,21.71
2026-07-02,21.69,22.77,20.85,21.61
2026-07-06,22.17,22.22,20.88,20.98
2026-07-07,21.2,22.07,21.02,21.66
2026-07-08,23.0,23.58,21.76,22.11
2026-07-09,21.86,21.95,20.8,20.84
2026-07-10,20.94,21.32,19.93,19.98
2026-07-13,21.19,22.54,21.1,22.13
2026-07-14,21.99,21.99,20.55,20.67
2026-07-15,20.53,20.95,19.78,19.86
2026-07-16,20.27,21.18,19.89,20.64
2026-07-17,22.47,22.51,20.5,21.68
2026-07-20,21.41,22.21,20.85,22.03
2026-07-21,21.2,22.01,20.46,20.67
2026-07-22,21.2,21.49,20.67,21.12
2026-07-23,23.11,23.78,22.14,22.56
2026-07-24,22.54,22.81,21.3,22.33
2026-07-27,22.02,23.62,21.65,22.53
2026-07-28,22.68,23.29,21.79,22.32
2026-07-29,22.96,24.15,21.44,23.95
2026-07-30,22.49,22.81,20.94,21.19
2026-07-31,20.98,23.42,20.15,20.27
2026-08-03,20.89,20.97,19.67,20.09
2026-08-04,19.96,20.49,19.82,20.37
2026-08-05,20.64,21.01,19.18,19.38
2026-08-06,19.62,19.71,19.01,19.15
2026-08-07,18.97,19.01,18.12,18.42
2026-08-10,19.13,19.22,18.78,19.21
2026-08-11,19.12,19.46,18.6,19.07
2026-08-12,18.69,18.69,17.66,18.0
2026-08-13,17.87,18.17,17.57,17.63
2026-08-14,17.88,17.88,16.96,17.71
2026-08-17,18.73,18.74,18.24,18.44
